Satellite,Timestamp (UTC),Doppler Shift (Hz)
STARLINK-1555,2025-07-13T03:09:00Z,-39449.45445
STARLINK-1555,2025-07-13T03:09:01Z,-42073.76
STARLINK-1555,2025-07-13T03:09:02Z,-44685.21041
STARLINK-1555,2025-07-13T03:09:03Z,-47283.09807
STARLINK-1555,2025-07-13T03:09:04Z,-49866.73512
STARLINK-1555,2025-07-13T03:09:05Z,-52435.45414
STARLINK-1555,2025-07-13T03:09:06Z,-54988.60891
STARLINK-1555,2025-07-13T03:09:07Z,-57525.57494
STARLINK-1555,2025-07-13T03:09:08Z,-60045.7501
STARLINK-1555,2025-07-13T03:09:09Z,-62548.55506
STARLINK-1555,2025-07-13T03:09:10Z,-65033.43371
STARLINK-1555,2025-07-13T03:09:11Z,-67499.85352
STARLINK-1555,2025-07-13T03:09:12Z,-69947.30582
STARLINK-1555,2025-07-13T03:09:13Z,-72375.30601
STARLINK-1555,2025-07-13T03:09:14Z,-74783.39374
STARLINK-1555,2025-07-13T03:09:15Z,-77171.13298
STARLINK-1555,2025-07-13T03:09:16Z,-79538.11208
STARLINK-1555,2025-07-13T03:09:17Z,-81883.94373
STARLINK-1555,2025-07-13T03:09:18Z,-84208.26489
STARLINK-1555,2025-07-13T03:09:19Z,-86510.73667
STARLINK-1555,2025-07-13T03:09:20Z,-88791.04411
STARLINK-1555,2025-07-13T03:09:21Z,-91048.89599
STARLINK-1555,2025-07-13T03:09:22Z,-93284.02457
STARLINK-1555,2025-07-13T03:09:23Z,-95496.18519
STARLINK-1555,2025-07-13T03:09:24Z,-97685.15601
STARLINK-1555,2025-07-13T03:09:25Z,-99850.73756
STARLINK-1555,2025-07-13T03:09:26Z,-101992.7523
STARLINK-1555,2025-07-13T03:09:27Z,-104111.0443
STARLINK-1555,2025-07-13T03:09:28Z,-106205.4784
STARLINK-1555,2025-07-13T03:09:29Z,-108275.9401
STARLINK-1555,2025-07-13T03:09:30Z,-110322.3349
STARLINK-1555,2025-07-13T03:09:31Z,-112344.5877
STARLINK-1555,2025-07-13T03:09:32Z,-114342.6419
STARLINK-1555,2025-07-13T03:09:33Z,-116316.4597
STARLINK-1555,2025-07-13T03:09:34Z,-118266.0204
STARLINK-1555,2025-07-13T03:09:35Z,-120191.3207
STARLINK-1555,2025-07-13T03:09:36Z,-122092.3735
STARLINK-1555,2025-07-13T03:09:37Z,-123969.2075
STARLINK-1555,2025-07-13T03:09:38Z,-125821.8668
STARLINK-1555,2025-07-13T03:09:39Z,-127650.4097
STARLINK-1555,2025-07-13T03:09:40Z,-129454.9086
STARLINK-1555,2025-07-13T03:09:41Z,-131235.4492
STARLINK-1555,2025-07-13T03:09:42Z,-132992.1298
STARLINK-1555,2025-07-13T03:09:43Z,-134725.0606
STARLINK-1555,2025-07-13T03:09:44Z,-136434.3636
STARLINK-1555,2025-07-13T03:09:45Z,-138120.1714
STARLINK-1555,2025-07-13T03:09:46Z,-139782.6268
STARLINK-1555,2025-07-13T03:09:47Z,-141421.8824
STARLINK-1555,2025-07-13T03:09:48Z,-143038.0998
STARLINK-1555,2025-07-13T03:09:49Z,-144631.4493
STARLINK-1555,2025-07-13T03:09:50Z,-146202.1091
STARLINK-2194,2025-07-13T03:09:00Z,134438.6049
STARLINK-2194,2025-07-13T03:09:01Z,132357.2705
STARLINK-2194,2025-07-13T03:09:02Z,130242.1899
STARLINK-2194,2025-07-13T03:09:03Z,128093.1903
STARLINK-2194,2025-07-13T03:09:04Z,125910.124
STARLINK-2194,2025-07-13T03:09:05Z,123692.87
STARLINK-2194,2025-07-13T03:09:06Z,121441.3352
STARLINK-2194,2025-07-13T03:09:07Z,119155.4563
STARLINK-2194,2025-07-13T03:09:08Z,116835.2008
STARLINK-2194,2025-07-13T03:09:09Z,114480.5688
STARLINK-2194,2025-07-13T03:09:10Z,112091.5946
STARLINK-2194,2025-07-13T03:09:11Z,109668.3478
STARLINK-2194,2025-07-13T03:09:12Z,107210.9348
STARLINK-2194,2025-07-13T03:09:13Z,104719.5005
STARLINK-2194,2025-07-13T03:09:14Z,102194.2294
STARLINK-2194,2025-07-13T03:09:15Z,99635.34684
STARLINK-2194,2025-07-13T03:09:16Z,97043.12032
STARLINK-2194,2025-07-13T03:09:17Z,94417.86066
STARLINK-2194,2025-07-13T03:09:18Z,91759.92308
STARLINK-2194,2025-07-13T03:09:19Z,89069.70812
STARLINK-2194,2025-07-13T03:09:20Z,86347.66258
STARLINK-2194,2025-07-13T03:09:21Z,83594.28025
STARLINK-2194,2025-07-13T03:09:22Z,80810.10257
STARLINK-2194,2025-07-13T03:09:23Z,77995.71916
STARLINK-2194,2025-07-13T03:09:24Z,75151.76816
STARLINK-2194,2025-07-13T03:09:25Z,72278.93652
STARLINK-2194,2025-07-13T03:09:26Z,69377.96001
STARLINK-2194,2025-07-13T03:09:27Z,66449.62316
STARLINK-2194,2025-07-13T03:09:28Z,63494.75902
STARLINK-2194,2025-07-13T03:09:29Z,60514.24869
STARLINK-2194,2025-07-13T03:09:30Z,57509.02072
STARLINK-2194,2025-07-13T03:09:31Z,54480.0503
STARLINK-2194,2025-07-13T03:09:32Z,51428.35829
STARLINK-2194,2025-07-13T03:09:33Z,48355.01003
STARLINK-2194,2025-07-13T03:09:34Z,45261.11398
STARLINK-2194,2025-07-13T03:09:35Z,42147.82014
STARLINK-2194,2025-07-13T03:09:36Z,39016.31835
STARLINK-2194,2025-07-13T03:09:37Z,35867.83634
STARLINK-2194,2025-07-13T03:09:38Z,32703.63763
STARLINK-2194,2025-07-13T03:09:39Z,29525.01925
STARLINK-2194,2025-07-13T03:09:40Z,26333.30934
STARLINK-2194,2025-07-13T03:09:41Z,23129.86454
STARLINK-2194,2025-07-13T03:09:42Z,19916.06725
STARLINK-2194,2025-07-13T03:09:43Z,16693.32282
STARLINK-2194,2025-07-13T03:09:44Z,13463.05649
STARLINK-2194,2025-07-13T03:09:45Z,10226.71041
STARLINK-2194,2025-07-13T03:09:46Z,6985.740395
STARLINK-2194,2025-07-13T03:09:47Z,3741.612736
STARLINK-2194,2025-07-13T03:09:48Z,495.8008798
STARLINK-2194,2025-07-13T03:09:49Z,-2750.217888
STARLINK-2194,2025-07-13T03:09:50Z,-5994.9658
STARLINK-2194,2025-07-13T03:09:51Z,-9236.967955
STARLINK-2194,2025-07-13T03:09:52Z,-12474.75566
STARLINK-2194,2025-07-13T03:09:53Z,-15706.86975
STARLINK-2194,2025-07-13T03:09:54Z,-18931.8638
STARLINK-2194,2025-07-13T03:09:55Z,-22148.30737
STARLINK-2194,2025-07-13T03:09:56Z,-25354.78906
STARLINK-2194,2025-07-13T03:09:57Z,-28549.91957
STARLINK-2194,2025-07-13T03:09:58Z,-31732.33453
STARLINK-2194,2025-07-13T03:09:59Z,-34900.69732
STARLINK-2194,2025-07-13T03:10:00Z,-38053.70169
STARLINK-2232,2025-07-13T03:09:39Z,39365.5418
STARLINK-2232,2025-07-13T03:09:40Z,37174.30091
STARLINK-2232,2025-07-13T03:09:41Z,34975.02784
STARLINK-2232,2025-07-13T03:09:42Z,32768.16197
STARLINK-2232,2025-07-13T03:09:43Z,30554.14981
STARLINK-2232,2025-07-13T03:09:44Z,28333.44539
STARLINK-2232,2025-07-13T03:09:45Z,26106.50991
STARLINK-2232,2025-07-13T03:09:46Z,23873.81124
STARLINK-2232,2025-07-13T03:09:47Z,21635.82345
STARLINK-2232,2025-07-13T03:09:48Z,19393.02637
STARLINK-2232,2025-07-13T03:09:49Z,17145.90507
STARLINK-2232,2025-07-13T03:09:50Z,14894.94934
STARLINK-2232,2025-07-13T03:09:51Z,12640.65321
STARLINK-2232,2025-07-13T03:09:52Z,10383.51436
STARLINK-2232,2025-07-13T03:09:53Z,8124.033649
STARLINK-2232,2025-07-13T03:09:54Z,5862.7145
STARLINK-2232,2025-07-13T03:09:55Z,3600.062393
STARLINK-2232,2025-07-13T03:09:56Z,1336.584284
STARLINK-2232,2025-07-13T03:09:57Z,-927.2119568
STARLINK-2232,2025-07-13T03:09:58Z,-3190.818109
STARLINK-2232,2025-07-13T03:09:59Z,-5453.726173
STARLINK-2705,2025-07-13T03:09:22Z,158159.2158
STARLINK-2705,2025-07-13T03:09:23Z,156687.3534
STARLINK-2705,2025-07-13T03:09:24Z,155192.4691
STARLINK-2705,2025-07-13T03:09:25Z,153674.3114
STARLINK-2705,2025-07-13T03:09:26Z,152132.6342
STARLINK-2705,2025-07-13T03:09:27Z,150567.1968
STARLINK-2705,2025-07-13T03:09:28Z,148977.765
STARLINK-2705,2025-07-13T03:09:29Z,147364.1112
STARLINK-2705,2025-07-13T03:09:30Z,145726.0156
STARLINK-2705,2025-07-13T03:09:31Z,144063.2662
STARLINK-2705,2025-07-13T03:09:32Z,142375.6596
STARLINK-2705,2025-07-13T03:09:33Z,140663.0019
STARLINK-2705,2025-07-13T03:09:34Z,138925.1092
STARLINK-2705,2025-07-13T03:09:35Z,137161.8081
STARLINK-2705,2025-07-13T03:09:36Z,135372.9367
STARLINK-2705,2025-07-13T03:09:37Z,133558.3451
STARLINK-2705,2025-07-13T03:09:38Z,131717.8963
STARLINK-2705,2025-07-13T03:09:39Z,129851.4667
STARLINK-2705,2025-07-13T03:09:40Z,127958.947
STARLINK-2705,2025-07-13T03:09:41Z,126040.2431
STARLINK-2705,2025-07-13T03:09:42Z,124095.2765
STARLINK-2705,2025-07-13T03:09:43Z,122123.9852
STARLINK-2705,2025-07-13T03:09:44Z,120126.3249
STARLINK-2705,2025-07-13T03:09:45Z,118102.269
STARLINK-2705,2025-07-13T03:09:46Z,116051.8099
STARLINK-2705,2025-07-13T03:09:47Z,113974.9596
STARLINK-2705,2025-07-13T03:09:48Z,111871.7506
STARLINK-2705,2025-07-13T03:09:49Z,109742.2364
STARLINK-2705,2025-07-13T03:09:50Z,107586.4924
STARLINK-2705,2025-07-13T03:09:51Z,105404.6163
STARLINK-2705,2025-07-13T03:09:52Z,103196.7295
STARLINK-2705,2025-07-13T03:09:53Z,100962.977
STARLINK-2705,2025-07-13T03:09:54Z,98703.52835
STARLINK-2705,2025-07-13T03:09:55Z,96418.57836
STARLINK-2705,2025-07-13T03:09:56Z,94108.34753
STARLINK-2705,2025-07-13T03:09:57Z,91773.08261
STARLINK-2705,2025-07-13T03:09:58Z,89413.0571
STARLINK-2705,2025-07-13T03:09:59Z,87028.57172
STARLINK-2705,2025-07-13T03:10:00Z,84619.95475
STARLINK-3162,2025-07-13T03:09:39Z,113995.5247
STARLINK-3162,2025-07-13T03:09:40Z,112095.3264
STARLINK-3162,2025-07-13T03:09:41Z,110173.6671
STARLINK-3162,2025-07-13T03:09:42Z,108230.6014
STARLINK-3162,2025-07-13T03:09:43Z,106266.1987
STARLINK-3162,2025-07-13T03:09:44Z,104280.5433
STARLINK-3162,2025-07-13T03:09:45Z,102273.7354
STARLINK-3162,2025-07-13T03:09:46Z,100245.8913
STARLINK-3162,2025-07-13T03:09:47Z,98197.14375
STARLINK-3162,2025-07-13T03:09:48Z,96127.64243
STARLINK-3162,2025-07-13T03:09:49Z,94037.55412
STARLINK-3162,2025-07-13T03:09:50Z,91927.06314
STARLINK-3162,2025-07-13T03:09:51Z,89796.37159
STARLINK-3162,2025-07-13T03:09:52Z,87645.69961
STARLINK-3162,2025-07-13T03:09:53Z,85475.28564
STARLINK-3162,2025-07-13T03:09:54Z,83285.38661
STARLINK-3162,2025-07-13T03:09:55Z,81076.27812
STARLINK-3162,2025-07-13T03:09:56Z,78848.2546
STARLINK-3162,2025-07-13T03:09:57Z,76601.62942
STARLINK-3162,2025-07-13T03:09:58Z,74336.73492
STARLINK-3162,2025-07-13T03:09:59Z,72053.92252
STARLINK-3162,2025-07-13T03:10:00Z,69753.56267
STARLINK-3880,2025-07-13T03:09:00Z,-172922.9143
STARLINK-3880,2025-07-13T03:09:01Z,-174376.3614
STARLINK-3880,2025-07-13T03:09:02Z,-175802.0248
STARLINK-3880,2025-07-13T03:09:03Z,-177200.3832
STARLINK-3880,2025-07-13T03:09:04Z,-178571.9141
STARLINK-3880,2025-07-13T03:09:05Z,-179917.0931
STARLINK-3880,2025-07-13T03:09:06Z,-181236.3935
STARLINK-3880,2025-07-13T03:09:07Z,-182530.2857
STARLINK-3880,2025-07-13T03:09:08Z,-183799.2368
STARLINK-3880,2025-07-13T03:09:09Z,-185043.7103
STARLINK-3880,2025-07-13T03:09:10Z,-186264.1655
STARLINK-3880,2025-07-13T03:09:11Z,-187461.0574
STARLINK-3880,2025-07-13T03:09:12Z,-188634.8362
STARLINK-3880,2025-07-13T03:09:13Z,-189785.9471
STARLINK-3880,2025-07-13T03:09:14Z,-190914.8302
STARLINK-3880,2025-07-13T03:09:15Z,-192021.9198
STARLINK-3880,2025-07-13T03:09:16Z,-193107.6448
STARLINK-3880,2025-07-13T03:09:17Z,-194172.4282
STARLINK-3927,2025-07-13T03:09:00Z,152393.0229
STARLINK-3927,2025-07-13T03:09:01Z,150533.4678
STARLINK-3927,2025-07-13T03:09:02Z,148639.9564
STARLINK-3927,2025-07-13T03:09:03Z,146712.1051
STARLINK-3927,2025-07-13T03:09:04Z,144749.5454
STARLINK-3927,2025-07-13T03:09:05Z,142751.9252
STARLINK-3927,2025-07-13T03:09:06Z,140718.9108
STARLINK-3927,2025-07-13T03:09:07Z,138650.1878
STARLINK-3927,2025-07-13T03:09:08Z,136545.4634
STARLINK-3927,2025-07-13T03:09:09Z,134404.4677
STARLINK-3927,2025-07-13T03:09:10Z,132226.9553
STARLINK-3927,2025-07-13T03:09:11Z,130012.7073
STARLINK-3927,2025-07-13T03:09:12Z,127761.5331
STARLINK-3927,2025-07-13T03:09:13Z,125473.2719
STARLINK-3927,2025-07-13T03:09:14Z,123147.7948
STARLINK-3927,2025-07-13T03:09:15Z,120785.0065
STARLINK-3927,2025-07-13T03:09:16Z,118384.8471
STARLINK-3927,2025-07-13T03:09:17Z,115947.2942
STARLINK-3927,2025-07-13T03:09:18Z,113472.3644
STARLINK-3927,2025-07-13T03:09:19Z,110960.1153
STARLINK-3927,2025-07-13T03:09:20Z,108410.6471
STARLINK-3927,2025-07-13T03:09:21Z,105824.1045
STARLINK-3927,2025-07-13T03:09:22Z,103200.6783
STARLINK-3927,2025-07-13T03:09:23Z,100540.6071
STARLINK-3927,2025-07-13T03:09:24Z,97844.17876
STARLINK-3927,2025-07-13T03:09:25Z,95111.73176
STARLINK-3927,2025-07-13T03:09:26Z,92343.65673
STARLINK-3927,2025-07-13T03:09:27Z,89540.39757
STARLINK-3927,2025-07-13T03:09:28Z,86702.45258
STARLINK-3927,2025-07-13T03:09:29Z,83830.37544
STARLINK-3927,2025-07-13T03:09:30Z,80924.77599
STARLINK-3927,2025-07-13T03:09:31Z,77986.3209
STARLINK-3927,2025-07-13T03:09:32Z,75015.73413
STARLINK-3927,2025-07-13T03:09:33Z,72013.79723
STARLINK-3927,2025-07-13T03:09:34Z,68981.34935
STARLINK-3927,2025-07-13T03:09:35Z,65919.28719
STARLINK-3927,2025-07-13T03:09:36Z,62828.56461
STARLINK-3927,2025-07-13T03:09:37Z,59710.19206
STARLINK-3927,2025-07-13T03:09:38Z,56565.23575
STARLINK-3927,2025-07-13T03:09:39Z,53394.81664
STARLINK-3927,2025-07-13T03:09:40Z,50200.10912
STARLINK-3927,2025-07-13T03:09:41Z,46982.33951
STARLINK-3927,2025-07-13T03:09:42Z,43742.78426
STARLINK-3927,2025-07-13T03:09:43Z,40482.76793
STARLINK-3927,2025-07-13T03:09:44Z,37203.66098
STARLINK-3927,2025-07-13T03:09:45Z,33906.87726
STARLINK-3927,2025-07-13T03:09:46Z,30593.87132
STARLINK-3927,2025-07-13T03:09:47Z,27266.13548
STARLINK-3927,2025-07-13T03:09:48Z,23925.19674
STARLINK-3927,2025-07-13T03:09:49Z,20572.61346
STARLINK-3927,2025-07-13T03:09:50Z,17209.9719
STARLINK-3927,2025-07-13T03:09:51Z,13838.88257
STARLINK-3927,2025-07-13T03:09:52Z,10460.97649
STARLINK-3927,2025-07-13T03:09:53Z,7077.901313
STARLINK-3927,2025-07-13T03:09:54Z,3691.317344
STARLINK-3927,2025-07-13T03:09:55Z,302.8934901
STARLINK-3927,2025-07-13T03:09:56Z,-3085.69682
STARLINK-3927,2025-07-13T03:09:57Z,-6472.779764
STARLINK-3927,2025-07-13T03:09:58Z,-9856.685243
STARLINK-3927,2025-07-13T03:09:59Z,-13235.75099
STARLINK-3927,2025-07-13T03:10:00Z,-16608.3266
STARLINK-4258,2025-07-13T03:09:53Z,173297.291
STARLINK-4258,2025-07-13T03:09:54Z,171990.0332
STARLINK-4258,2025-07-13T03:09:55Z,170660.0056
STARLINK-4258,2025-07-13T03:09:56Z,169306.8642
STARLINK-4258,2025-07-13T03:09:57Z,167930.2658
STARLINK-4258,2025-07-13T03:09:58Z,166529.8682
STARLINK-4258,2025-07-13T03:09:59Z,165105.3307
STARLINK-4363,2025-07-13T03:09:00Z,-16375.17594
STARLINK-4363,2025-07-13T03:09:01Z,-19892.23042
STARLINK-4363,2025-07-13T03:09:02Z,-23399.57737
STARLINK-4363,2025-07-13T03:09:03Z,-26895.55531
STARLINK-4363,2025-07-13T03:09:04Z,-30378.52992
STARLINK-4363,2025-07-13T03:09:05Z,-33846.89776
STARLINK-4363,2025-07-13T03:09:06Z,-37299.08975
STARLINK-4363,2025-07-13T03:09:07Z,-40733.57447
STARLINK-4363,2025-07-13T03:09:08Z,-44148.86128
STARLINK-4363,2025-07-13T03:09:09Z,-47543.50324
STARLINK-4363,2025-07-13T03:09:10Z,-50916.09978
STARLINK-4363,2025-07-13T03:09:11Z,-54265.29913
STARLINK-4363,2025-07-13T03:09:12Z,-57589.80054
STARLINK-4363,2025-07-13T03:09:13Z,-60888.35621
STARLINK-4363,2025-07-13T03:09:14Z,-64159.77304
STARLINK-4363,2025-07-13T03:09:15Z,-67402.91405
STARLINK-4363,2025-07-13T03:09:16Z,-70616.69959
STARLINK-4363,2025-07-13T03:09:17Z,-73800.10832
STARLINK-4363,2025-07-13T03:09:18Z,-76952.1779
STARLINK-4363,2025-07-13T03:09:19Z,-80072.0055
STARLINK-4363,2025-07-13T03:09:20Z,-83158.74802
STARLINK-4363,2025-07-13T03:09:21Z,-86211.62215
STARLINK-4363,2025-07-13T03:09:22Z,-89229.90415
STARLINK-4363,2025-07-13T03:09:23Z,-92212.9295
STARLINK-4363,2025-07-13T03:09:24Z,-95160.0923
STARLINK-4363,2025-07-13T03:09:25Z,-98070.84453
STARLINK-4363,2025-07-13T03:09:26Z,-100944.6951
STARLINK-4363,2025-07-13T03:09:27Z,-103781.209
STARLINK-4363,2025-07-13T03:09:28Z,-106580.0055
STARLINK-4363,2025-07-13T03:09:29Z,-109340.7577
STARLINK-4363,2025-07-13T03:09:30Z,-112063.1903
STARLINK-4363,2025-07-13T03:09:31Z,-114747.0785
STARLINK-4363,2025-07-13T03:09:32Z,-117392.2461
STARLINK-4363,2025-07-13T03:09:33Z,-119998.5641
STARLINK-4363,2025-07-13T03:09:34Z,-122565.9487
STARLINK-4363,2025-07-13T03:09:35Z,-125094.3595
STARLINK-4363,2025-07-13T03:09:36Z,-127583.7978
STARLINK-4363,2025-07-13T03:09:37Z,-130034.3047
STARLINK-4363,2025-07-13T03:09:38Z,-132445.9589
STARLINK-4363,2025-07-13T03:09:39Z,-134818.8754
STARLINK-4363,2025-07-13T03:09:40Z,-137153.2028
STARLINK-4363,2025-07-13T03:09:41Z,-139449.1222
STARLINK-4363,2025-07-13T03:09:42Z,-141706.8448
STARLINK-4363,2025-07-13T03:09:43Z,-143926.6103
STARLINK-4363,2025-07-13T03:09:44Z,-146108.685
STARLINK-4363,2025-07-13T03:09:45Z,-148253.3599
STARLINK-4363,2025-07-13T03:09:46Z,-150360.9492
STARLINK-4363,2025-07-13T03:09:47Z,-152431.7884
STARLINK-4363,2025-07-13T03:09:48Z,-154466.2328
STARLINK-4363,2025-07-13T03:09:49Z,-156464.6555
STARLINK-4363,2025-07-13T03:09:50Z,-158427.4466
STARLINK-4363,2025-07-13T03:09:51Z,-160355.0108
STARLINK-4363,2025-07-13T03:09:52Z,-162247.7666
STARLINK-4363,2025-07-13T03:09:53Z,-164106.1448
STARLINK-4363,2025-07-13T03:09:54Z,-165930.5869
STARLINK-4363,2025-07-13T03:09:55Z,-167721.5442
STARLINK-4363,2025-07-13T03:09:56Z,-169479.4762
STARLINK-4363,2025-07-13T03:09:57Z,-171204.8498
STARLINK-4363,2025-07-13T03:09:58Z,-172898.1382
STARLINK-4363,2025-07-13T03:09:59Z,-174559.8194
STARLINK-4363,2025-07-13T03:10:00Z,-176190.3757
STARLINK-4496,2025-07-13T03:09:00Z,-68078.05175
STARLINK-4496,2025-07-13T03:09:01Z,-71001.28499
STARLINK-4496,2025-07-13T03:09:02Z,-73896.72925
STARLINK-4496,2025-07-13T03:09:03Z,-76763.62251
STARLINK-4496,2025-07-13T03:09:04Z,-79601.25156
STARLINK-4496,2025-07-13T03:09:05Z,-82408.95199
STARLINK-4496,2025-07-13T03:09:06Z,-85186.10809
STARLINK-4496,2025-07-13T03:09:07Z,-87932.15251
STARLINK-4496,2025-07-13T03:09:08Z,-90646.56582
STARLINK-4496,2025-07-13T03:09:09Z,-93328.87596
STARLINK-4496,2025-07-13T03:09:10Z,-95978.65751
STARLINK-4496,2025-07-13T03:09:11Z,-98595.53086
STARLINK-4496,2025-07-13T03:09:12Z,-101179.1613
STARLINK-4496,2025-07-13T03:09:13Z,-103729.2581
STARLINK-4496,2025-07-13T03:09:14Z,-106245.5731
STARLINK-4496,2025-07-13T03:09:15Z,-108727.8999
STARLINK-4496,2025-07-13T03:09:16Z,-111176.0723
STARLINK-4496,2025-07-13T03:09:17Z,-113589.9633
STARLINK-4496,2025-07-13T03:09:18Z,-115969.4832
STARLINK-4496,2025-07-13T03:09:19Z,-118314.5789
STARLINK-4496,2025-07-13T03:09:20Z,-120625.2319
STARLINK-4496,2025-07-13T03:09:21Z,-122901.4571
STARLINK-4496,2025-07-13T03:09:22Z,-125143.3012
STARLINK-4496,2025-07-13T03:09:23Z,-127350.8414
STARLINK-4496,2025-07-13T03:09:24Z,-129524.1836
STARLINK-4496,2025-07-13T03:09:25Z,-131663.4612
STARLINK-4496,2025-07-13T03:09:26Z,-133768.8335
STARLINK-4496,2025-07-13T03:09:27Z,-135840.4841
STARLINK-4496,2025-07-13T03:09:28Z,-137878.6199
STARLINK-4496,2025-07-13T03:09:29Z,-139883.4689
STARLINK-4496,2025-07-13T03:09:30Z,-141855.2797
STARLINK-4496,2025-07-13T03:09:31Z,-143794.3194
STARLINK-4496,2025-07-13T03:09:32Z,-145700.8726
STARLINK-4496,2025-07-13T03:09:33Z,-147575.24
STARLINK-4496,2025-07-13T03:09:34Z,-149417.7375
STARLINK-4496,2025-07-13T03:09:35Z,-151228.6942
STARLINK-4496,2025-07-13T03:09:36Z,-153008.4519
STARLINK-4496,2025-07-13T03:09:37Z,-154757.3638
STARLINK-4496,2025-07-13T03:09:38Z,-156475.7933
STARLINK-4496,2025-07-13T03:09:39Z,-158164.1127
STARLINK-4496,2025-07-13T03:09:40Z,-159822.7029
STARLINK-4496,2025-07-13T03:09:41Z,-161451.9518
STARLINK-4496,2025-07-13T03:09:42Z,-163052.2535
STARLINK-4496,2025-07-13T03:09:43Z,-164624.0077
STARLINK-4496,2025-07-13T03:09:44Z,-166167.6185
STARLINK-4496,2025-07-13T03:09:45Z,-167683.4939
STARLINK-4496,2025-07-13T03:09:46Z,-169172.045
STARLINK-4496,2025-07-13T03:09:47Z,-170633.685
STARLINK-4496,2025-07-13T03:09:48Z,-172068.829
STARLINK-4496,2025-07-13T03:09:49Z,-173477.893
STARLINK-4496,2025-07-13T03:09:50Z,-174861.2935
STARLINK-4496,2025-07-13T03:09:51Z,-176219.4469
STARLINK-4496,2025-07-13T03:09:52Z,-177552.769
STARLINK-4496,2025-07-13T03:09:53Z,-178861.6745
STARLINK-4496,2025-07-13T03:09:54Z,-180146.5766
STARLINK-4496,2025-07-13T03:09:55Z,-181407.8863
STARLINK-4496,2025-07-13T03:09:56Z,-182646.0125
STARLINK-4496,2025-07-13T03:09:57Z,-183861.3615
STARLINK-4496,2025-07-13T03:09:58Z,-185054.3362
STARLINK-5142,2025-07-13T03:09:00Z,29937.76471
STARLINK-5142,2025-07-13T03:09:01Z,26848.07132
STARLINK-5142,2025-07-13T03:09:02Z,23747.2368
STARLINK-5142,2025-07-13T03:09:03Z,20636.50414
STARLINK-5142,2025-07-13T03:09:04Z,17517.13674
STARLINK-5142,2025-07-13T03:09:05Z,14390.41585
STARLINK-5142,2025-07-13T03:09:06Z,11257.63804
STARLINK-5142,2025-07-13T03:09:07Z,8120.11256
STARLINK-5142,2025-07-13T03:09:08Z,4979.158644
STARLINK-5142,2025-07-13T03:09:09Z,1836.10274
STARLINK-5142,2025-07-13T03:09:10Z,-1307.724257
STARLINK-5142,2025-07-13T03:09:11Z,-4450.989822
STARLINK-5142,2025-07-13T03:09:12Z,-7592.362607
STARLINK-5142,2025-07-13T03:09:13Z,-10730.51526
STARLINK-5142,2025-07-13T03:09:14Z,-13864.1272
STARLINK-5142,2025-07-13T03:09:15Z,-16991.88739
STARLINK-5142,2025-07-13T03:09:16Z,-20112.49703
STARLINK-5142,2025-07-13T03:09:17Z,-23224.67224
STARLINK-5142,2025-07-13T03:09:18Z,-26327.14658
STARLINK-5142,2025-07-13T03:09:19Z,-29418.6736
STARLINK-5142,2025-07-13T03:09:20Z,-32498.02921
STARLINK-5142,2025-07-13T03:09:21Z,-35564.01399
STARLINK-5142,2025-07-13T03:09:22Z,-38615.45536
STARLINK-5142,2025-07-13T03:09:23Z,-41651.20963
STARLINK-5142,2025-07-13T03:09:24Z,-44670.16393
STARLINK-5142,2025-07-13T03:09:25Z,-47671.23803
STARLINK-5142,2025-07-13T03:09:26Z,-50653.38593
STARLINK-5142,2025-07-13T03:09:27Z,-53615.5974
STARLINK-5142,2025-07-13T03:09:28Z,-56556.89933
STARLINK-5142,2025-07-13T03:09:29Z,-59476.35691
STARLINK-5142,2025-07-13T03:09:30Z,-62373.07468
STARLINK-5142,2025-07-13T03:09:31Z,-65246.19743
STARLINK-5142,2025-07-13T03:09:32Z,-68094.91093
STARLINK-5142,2025-07-13T03:09:33Z,-70918.44253
STARLINK-5142,2025-07-13T03:09:34Z,-73716.06157
STARLINK-5142,2025-07-13T03:09:35Z,-76487.07973
STARLINK-5142,2025-07-13T03:09:36Z,-79230.85113
STARLINK-5142,2025-07-13T03:09:37Z,-81946.77238
STARLINK-5142,2025-07-13T03:09:38Z,-84634.28245
STARLINK-5142,2025-07-13T03:09:39Z,-87292.86248
STARLINK-5142,2025-07-13T03:09:40Z,-89922.03537
STARLINK-5142,2025-07-13T03:09:41Z,-92521.36535
STARLINK-5142,2025-07-13T03:09:42Z,-95090.45742
STARLINK-5142,2025-07-13T03:09:43Z,-97628.95665
STARLINK-5142,2025-07-13T03:09:44Z,-100136.5475
STARLINK-5142,2025-07-13T03:09:45Z,-102612.9529
STARLINK-5142,2025-07-13T03:09:46Z,-105057.9334
STARLINK-5142,2025-07-13T03:09:47Z,-107471.2862
STARLINK-5142,2025-07-13T03:09:48Z,-109852.844
STARLINK-5142,2025-07-13T03:09:49Z,-112202.4743
STARLINK-5142,2025-07-13T03:09:50Z,-114520.0777
STARLINK-5142,2025-07-13T03:09:51Z,-116805.5871
STARLINK-5142,2025-07-13T03:09:52Z,-119058.9666
STARLINK-5142,2025-07-13T03:09:53Z,-121280.2099
STARLINK-5142,2025-07-13T03:09:54Z,-123469.3396
STARLINK-5142,2025-07-13T03:09:55Z,-125626.4052
STARLINK-5142,2025-07-13T03:09:56Z,-127751.4826
STARLINK-5142,2025-07-13T03:09:57Z,-129844.6726
STARLINK-5142,2025-07-13T03:09:58Z,-131906.0994
STARLINK-5142,2025-07-13T03:09:59Z,-133935.9095
STARLINK-5142,2025-07-13T03:10:00Z,-135934.2706
STARLINK-5659,2025-07-13T03:09:00Z,-176816.5543
STARLINK-5659,2025-07-13T03:09:01Z,-178074.4847
STARLINK-5659,2025-07-13T03:09:02Z,-179309.3265
STARLINK-5659,2025-07-13T03:09:03Z,-180521.4813
STARLINK-5659,2025-07-13T03:09:04Z,-181711.3478
STARLINK-5659,2025-07-13T03:09:05Z,-182879.3215
STARLINK-5659,2025-07-13T03:09:06Z,-184025.7947
STARLINK-5659,2025-07-13T03:09:07Z,-185151.156
STARLINK-5659,2025-07-13T03:09:08Z,-186255.7901
STARLINK-5659,2025-07-13T03:09:09Z,-187340.0776
STARLINK-5659,2025-07-13T03:09:10Z,-188404.395
STARLINK-5659,2025-07-13T03:09:11Z,-189449.1141
STARLINK-5659,2025-07-13T03:09:12Z,-190474.6024
STARLINK-5659,2025-07-13T03:09:13Z,-191481.2223
STARLINK-5590,2025-07-13T03:09:00Z,125229.4898
STARLINK-5590,2025-07-13T03:09:01Z,123084.1237
STARLINK-5590,2025-07-13T03:09:02Z,120906.1137
STARLINK-5590,2025-07-13T03:09:03Z,118695.3927
STARLINK-5590,2025-07-13T03:09:04Z,116451.9219
STARLINK-5590,2025-07-13T03:09:05Z,114175.6918
STARLINK-5590,2025-07-13T03:09:06Z,111866.7236
STARLINK-5590,2025-07-13T03:09:07Z,109525.0705
STARLINK-5590,2025-07-13T03:09:08Z,107150.8193
STARLINK-5590,2025-07-13T03:09:09Z,104744.0912
STARLINK-5590,2025-07-13T03:09:10Z,102305.0432
STARLINK-5590,2025-07-13T03:09:11Z,99833.86939
STARLINK-5590,2025-07-13T03:09:12Z,97330.80206
STARLINK-5590,2025-07-13T03:09:13Z,94796.11259
STARLINK-5590,2025-07-13T03:09:14Z,92230.11264
STARLINK-5590,2025-07-13T03:09:15Z,89633.15496
STARLINK-5590,2025-07-13T03:09:16Z,87005.63428
STARLINK-5590,2025-07-13T03:09:17Z,84347.98805
STARLINK-5590,2025-07-13T03:09:18Z,81660.69705
STARLINK-5590,2025-07-13T03:09:19Z,78944.28595
STARLINK-5590,2025-07-13T03:09:20Z,76199.32372
STARLINK-5590,2025-07-13T03:09:21Z,73426.42391
STARLINK-5590,2025-07-13T03:09:22Z,70626.24481
STARLINK-5590,2025-07-13T03:09:23Z,67799.48944
STARLINK-5590,2025-07-13T03:09:24Z,64946.90545
STARLINK-5590,2025-07-13T03:09:25Z,62069.28485
STARLINK-5590,2025-07-13T03:09:26Z,59167.4635
STARLINK-5590,2025-07-13T03:09:27Z,56242.32058
STARLINK-5590,2025-07-13T03:09:28Z,53294.7778
STARLINK-5590,2025-07-13T03:09:29Z,50325.79847
STARLINK-5590,2025-07-13T03:09:30Z,47336.3864
STARLINK-5590,2025-07-13T03:09:31Z,44327.58464
STARLINK-5590,2025-07-13T03:09:32Z,41300.47406
STARLINK-5590,2025-07-13T03:09:33Z,38256.17172
STARLINK-5590,2025-07-13T03:09:34Z,35195.8292
STARLINK-5590,2025-07-13T03:09:35Z,32120.63058
STARLINK-5590,2025-07-13T03:09:36Z,29031.79048
STARLINK-5590,2025-07-13T03:09:37Z,25930.55181
STARLINK-5590,2025-07-13T03:09:38Z,22818.18345
STARLINK-5590,2025-07-13T03:09:39Z,19695.97778
STARLINK-5590,2025-07-13T03:09:40Z,16565.24812
STARLINK-5590,2025-07-13T03:09:41Z,13427.32607
STARLINK-5590,2025-07-13T03:09:42Z,10283.55871
STARLINK-5590,2025-07-13T03:09:43Z,7135.305766
STARLINK-5590,2025-07-13T03:09:44Z,3983.936723
STARLINK-5590,2025-07-13T03:09:45Z,830.82785
STARLINK-5590,2025-07-13T03:09:46Z,-2322.640785
STARLINK-5590,2025-07-13T03:09:47Z,-5475.088326
STARLINK-5590,2025-07-13T03:09:48Z,-8625.136142
STARLINK-5590,2025-07-13T03:09:49Z,-11771.41083
STARLINK-5590,2025-07-13T03:09:50Z,-14912.5472
STARLINK-5590,2025-07-13T03:09:51Z,-18047.19118
STARLINK-5590,2025-07-13T03:09:52Z,-21174.00274
STARLINK-5590,2025-07-13T03:09:53Z,-24291.65866
STARLINK-5590,2025-07-13T03:09:54Z,-27398.85528
STARLINK-5590,2025-07-13T03:09:55Z,-30494.31111
STARLINK-5590,2025-07-13T03:09:56Z,-33576.76937
STARLINK-5590,2025-07-13T03:09:57Z,-36645.00036
STARLINK-5590,2025-07-13T03:09:58Z,-39697.80377
STARLINK-5590,2025-07-13T03:09:59Z,-42734.01076
STARLINK-5590,2025-07-13T03:10:00Z,-45752.48601
STARLINK-5571,2025-07-13T03:09:18Z,191198.4894
STARLINK-5571,2025-07-13T03:09:19Z,190187.854
STARLINK-5571,2025-07-13T03:09:20Z,189158.3243
STARLINK-5571,2025-07-13T03:09:21Z,188109.5395
STARLINK-5571,2025-07-13T03:09:22Z,187041.1337
STARLINK-5571,2025-07-13T03:09:23Z,185952.7363
STARLINK-5571,2025-07-13T03:09:24Z,184843.9727
STARLINK-5571,2025-07-13T03:09:25Z,183714.4639
STARLINK-5571,2025-07-13T03:09:26Z,182563.8271
STARLINK-5571,2025-07-13T03:09:27Z,181391.6757
STARLINK-5571,2025-07-13T03:09:28Z,180197.6195
STARLINK-5571,2025-07-13T03:09:29Z,178981.2651
STARLINK-5571,2025-07-13T03:09:30Z,177742.2162
STARLINK-5571,2025-07-13T03:09:31Z,176480.0739
STARLINK-5571,2025-07-13T03:09:32Z,175194.4369
STARLINK-5571,2025-07-13T03:09:33Z,173884.9021
STARLINK-5571,2025-07-13T03:09:34Z,172551.0647
STARLINK-5571,2025-07-13T03:09:35Z,171192.519
STARLINK-5571,2025-07-13T03:09:36Z,169808.8587
STARLINK-5571,2025-07-13T03:09:37Z,168399.6771
STARLINK-5571,2025-07-13T03:09:38Z,166964.5681
STARLINK-5571,2025-07-13T03:09:39Z,165503.1267
STARLINK-5571,2025-07-13T03:09:40Z,164014.9493
STARLINK-5571,2025-07-13T03:09:41Z,162499.6345
STARLINK-5571,2025-07-13T03:09:42Z,160956.7839
STARLINK-5571,2025-07-13T03:09:43Z,159386.0028
STARLINK-5571,2025-07-13T03:09:44Z,157786.9006
STARLINK-5571,2025-07-13T03:09:45Z,156159.0923
STARLINK-5571,2025-07-13T03:09:46Z,154502.1986
STARLINK-5571,2025-07-13T03:09:47Z,152815.8472
STARLINK-5571,2025-07-13T03:09:48Z,151099.6738
STARLINK-5571,2025-07-13T03:09:49Z,149353.3228
STARLINK-5571,2025-07-13T03:09:50Z,147576.4485
STARLINK-5571,2025-07-13T03:09:51Z,145768.7161
STARLINK-5571,2025-07-13T03:09:52Z,143929.8029
STARLINK-5571,2025-07-13T03:09:53Z,142059.3991
STARLINK-5571,2025-07-13T03:09:54Z,140157.2095
STARLINK-5571,2025-07-13T03:09:55Z,138222.9544
STARLINK-5571,2025-07-13T03:09:56Z,136256.3707
STARLINK-5571,2025-07-13T03:09:57Z,134257.2137
STARLINK-5571,2025-07-13T03:09:58Z,132225.2579
STARLINK-5571,2025-07-13T03:09:59Z,130160.2987
STARLINK-5058,2025-07-13T03:09:00Z,-77003.9305
STARLINK-5058,2025-07-13T03:09:01Z,-79277.47491
STARLINK-5058,2025-07-13T03:09:02Z,-81531.31527
STARLINK-5058,2025-07-13T03:09:03Z,-83765.12689
STARLINK-5058,2025-07-13T03:09:04Z,-85978.60605
STARLINK-5058,2025-07-13T03:09:05Z,-88171.46987
STARLINK-5058,2025-07-13T03:09:06Z,-90343.45608
STARLINK-5058,2025-07-13T03:09:07Z,-92494.32282
STARLINK-5058,2025-07-13T03:09:08Z,-94623.84835
STARLINK-5058,2025-07-13T03:09:09Z,-96731.83079
STARLINK-5058,2025-07-13T03:09:10Z,-98818.08774
STARLINK-5058,2025-07-13T03:09:11Z,-100882.456
STARLINK-5058,2025-07-13T03:09:12Z,-102924.791
STARLINK-5058,2025-07-13T03:09:13Z,-104944.9667
STARLINK-5058,2025-07-13T03:09:14Z,-106942.875
STARLINK-5058,2025-07-13T03:09:15Z,-108918.4251
STARLINK-5058,2025-07-13T03:09:16Z,-110871.5435
STARLINK-5058,2025-07-13T03:09:17Z,-112802.1729
STARLINK-5058,2025-07-13T03:09:18Z,-114710.2725
STARLINK-5058,2025-07-13T03:09:19Z,-116595.8167
STARLINK-5058,2025-07-13T03:09:20Z,-118458.7951
STARLINK-5058,2025-07-13T03:09:21Z,-120299.2118
STARLINK-5058,2025-07-13T03:09:22Z,-122117.085
STARLINK-5058,2025-07-13T03:09:23Z,-123912.4464
STARLINK-5058,2025-07-13T03:09:24Z,-125685.3404
STARLINK-5058,2025-07-13T03:09:25Z,-127435.8241
STARLINK-5058,2025-07-13T03:09:26Z,-129163.9664
STARLINK-5058,2025-07-13T03:09:27Z,-130869.8478
STARLINK-5058,2025-07-13T03:09:28Z,-132553.5592
STARLINK-5058,2025-07-13T03:09:29Z,-134215.2024
STARLINK-5058,2025-07-13T03:09:30Z,-135854.8886
STARLINK-5058,2025-07-13T03:09:31Z,-137472.7387
STARLINK-5058,2025-07-13T03:09:32Z,-139068.882
STARLINK-5058,2025-07-13T03:09:33Z,-140643.4566
STARLINK-5058,2025-07-13T03:09:34Z,-142196.6082
STARLINK-5058,2025-07-13T03:09:35Z,-143728.49
STARLINK-5989,2025-07-13T03:09:00Z,179794.3834
STARLINK-5989,2025-07-13T03:09:01Z,178472.9844
STARLINK-5989,2025-07-13T03:09:02Z,177127.3425
STARLINK-5989,2025-07-13T03:09:03Z,175757.0562
STARLINK-5989,2025-07-13T03:09:04Z,174361.7239
STARLINK-5989,2025-07-13T03:09:05Z,172940.9434
STARLINK-5989,2025-07-13T03:09:06Z,171494.3127
STARLINK-5989,2025-07-13T03:09:07Z,170021.431
STARLINK-5989,2025-07-13T03:09:08Z,168521.8985
STARLINK-5989,2025-07-13T03:09:09Z,166995.3177
STARLINK-5989,2025-07-13T03:09:10Z,165441.2934
STARLINK-5989,2025-07-13T03:09:11Z,163859.4341
STARLINK-5989,2025-07-13T03:09:12Z,162249.3521
STARLINK-5989,2025-07-13T03:09:13Z,160610.6646
STARLINK-5989,2025-07-13T03:09:14Z,158942.9946
STARLINK-5989,2025-07-13T03:09:15Z,157245.9712
STARLINK-5989,2025-07-13T03:09:16Z,155519.2312
STARLINK-5989,2025-07-13T03:09:17Z,153762.4196
STARLINK-5989,2025-07-13T03:09:18Z,151975.1905
STARLINK-5989,2025-07-13T03:09:19Z,150157.2085
STARLINK-5989,2025-07-13T03:09:20Z,148308.1492
STARLINK-5989,2025-07-13T03:09:21Z,146427.7009
STARLINK-5989,2025-07-13T03:09:22Z,144515.5652
STARLINK-5989,2025-07-13T03:09:23Z,142571.4586
STARLINK-5989,2025-07-13T03:09:24Z,140595.1133
STARLINK-5989,2025-07-13T03:09:25Z,138586.2787
STARLINK-5989,2025-07-13T03:09:26Z,136544.7226
STARLINK-5989,2025-07-13T03:09:27Z,134470.2324
STARLINK-5989,2025-07-13T03:09:28Z,132362.6166
STARLINK-5989,2025-07-13T03:09:29Z,130221.7059
STARLINK-5989,2025-07-13T03:09:30Z,128047.355
STARLINK-5989,2025-07-13T03:09:31Z,125839.4434
STARLINK-5989,2025-07-13T03:09:32Z,123597.8772
STARLINK-5989,2025-07-13T03:09:33Z,121322.5904
STARLINK-5989,2025-07-13T03:09:34Z,119013.5463
STARLINK-5989,2025-07-13T03:09:35Z,116670.7388
STARLINK-5989,2025-07-13T03:09:36Z,114294.1939
STARLINK-5989,2025-07-13T03:09:37Z,111883.971
STARLINK-5989,2025-07-13T03:09:38Z,109440.1643
STARLINK-5989,2025-07-13T03:09:39Z,106962.904
STARLINK-5989,2025-07-13T03:09:40Z,104452.3578
STARLINK-5989,2025-07-13T03:09:41Z,101908.7318
STARLINK-5989,2025-07-13T03:09:42Z,99332.27192
STARLINK-5989,2025-07-13T03:09:43Z,96723.26486
STARLINK-5989,2025-07-13T03:09:44Z,94082.03923
STARLINK-5989,2025-07-13T03:09:45Z,91408.96641
STARLINK-5989,2025-07-13T03:09:46Z,88704.46148
STARLINK-5989,2025-07-13T03:09:47Z,85968.98393
STARLINK-5989,2025-07-13T03:09:48Z,83203.03832
STARLINK-5989,2025-07-13T03:09:49Z,80407.17483
STARLINK-5989,2025-07-13T03:09:50Z,77581.98965
STARLINK-5989,2025-07-13T03:09:51Z,74728.12529
STARLINK-5989,2025-07-13T03:09:52Z,71846.27065
STARLINK-5989,2025-07-13T03:09:53Z,68937.16109
STARLINK-5989,2025-07-13T03:09:54Z,66001.5782
STARLINK-5989,2025-07-13T03:09:55Z,63040.34951
STARLINK-5989,2025-07-13T03:09:56Z,60054.348
STARLINK-5989,2025-07-13T03:09:57Z,57044.49143
STARLINK-5989,2025-07-13T03:09:58Z,54011.74152
STARLINK-5989,2025-07-13T03:09:59Z,50957.10295
STARLINK-5989,2025-07-13T03:10:00Z,47881.62217
STARLINK-6129,2025-07-13T03:09:00Z,-41484.98575
STARLINK-6129,2025-07-13T03:09:01Z,-44319.05375
STARLINK-6129,2025-07-13T03:09:02Z,-47137.08737
STARLINK-6129,2025-07-13T03:09:03Z,-49938.19885
STARLINK-6129,2025-07-13T03:09:04Z,-52721.52936
STARLINK-6129,2025-07-13T03:09:05Z,-55486.25003
STARLINK-6129,2025-07-13T03:09:06Z,-58231.56287
STARLINK-6129,2025-07-13T03:09:07Z,-60956.70163
STARLINK-6129,2025-07-13T03:09:08Z,-63660.93244
STARLINK-6129,2025-07-13T03:09:09Z,-66343.55445
STARLINK-6129,2025-07-13T03:09:10Z,-69003.90027
STARLINK-6129,2025-07-13T03:09:11Z,-71641.33641
STARLINK-6129,2025-07-13T03:09:12Z,-74255.26347
STARLINK-6129,2025-07-13T03:09:13Z,-76845.11633
STARLINK-6129,2025-07-13T03:09:14Z,-79410.36424
STARLINK-6129,2025-07-13T03:09:15Z,-81950.51075
STARLINK-6129,2025-07-13T03:09:16Z,-84465.09359
STARLINK-6129,2025-07-13T03:09:17Z,-86953.68446
STARLINK-6129,2025-07-13T03:09:18Z,-89415.8887
STARLINK-6129,2025-07-13T03:09:19Z,-91851.34497
STARLINK-6129,2025-07-13T03:09:20Z,-94259.72474
STARLINK-6129,2025-07-13T03:09:21Z,-96640.73176
STARLINK-6129,2025-07-13T03:09:22Z,-98994.10154
STARLINK-6129,2025-07-13T03:09:23Z,-101319.6006
STARLINK-6129,2025-07-13T03:09:24Z,-103617.0259
STARLINK-6129,2025-07-13T03:09:25Z,-105886.204
STARLINK-6129,2025-07-13T03:09:26Z,-108126.9902
STARLINK-6129,2025-07-13T03:09:27Z,-110339.2679
STARLINK-6129,2025-07-13T03:09:28Z,-112522.9477
STARLINK-6129,2025-07-13T03:09:29Z,-114677.9663
STARLINK-6129,2025-07-13T03:09:30Z,-116804.2857
STARLINK-6129,2025-07-13T03:09:31Z,-118901.8925
STARLINK-6129,2025-07-13T03:09:32Z,-120970.7968
STARLINK-6129,2025-07-13T03:09:33Z,-123011.0308
STARLINK-6129,2025-07-13T03:09:34Z,-125022.6487
STARLINK-6129,2025-07-13T03:09:35Z,-127005.7251
STARLINK-6129,2025-07-13T03:09:36Z,-128960.3542
STARLINK-6129,2025-07-13T03:09:37Z,-130886.6487
STARLINK-6129,2025-07-13T03:09:38Z,-132784.7394
STARLINK-6129,2025-07-13T03:09:39Z,-134654.7735
STARLINK-6129,2025-07-13T03:09:40Z,-136496.9142
STARLINK-6129,2025-07-13T03:09:41Z,-138311.3395
STARLINK-6129,2025-07-13T03:09:42Z,-140098.2415
STARLINK-6129,2025-07-13T03:09:43Z,-141857.8254
STARLINK-6129,2025-07-13T03:09:44Z,-143590.3086
STARLINK-6129,2025-07-13T03:09:45Z,-145295.9201
STARLINK-6129,2025-07-13T03:09:46Z,-146974.8992
STARLINK-6129,2025-07-13T03:09:47Z,-148627.4953
STARLINK-6129,2025-07-13T03:09:48Z,-150253.9667
STARLINK-6129,2025-07-13T03:09:49Z,-151854.58
STARLINK-6129,2025-07-13T03:09:50Z,-153429.6093
STARLINK-6129,2025-07-13T03:09:51Z,-154979.3356
STARLINK-6129,2025-07-13T03:09:52Z,-156504.0463
STARLINK-6129,2025-07-13T03:09:53Z,-158004.0341
STARLINK-6129,2025-07-13T03:09:54Z,-159479.5966
STARLINK-6129,2025-07-13T03:09:55Z,-160931.0361
STARLINK-6129,2025-07-13T03:09:56Z,-162358.6583
STARLINK-6129,2025-07-13T03:09:57Z,-163762.7724
STARLINK-6129,2025-07-13T03:09:58Z,-165143.6902
STARLINK-6129,2025-07-13T03:09:59Z,-166501.7258
STARLINK-6129,2025-07-13T03:10:00Z,-167837.1951
STARLINK-6151,2025-07-13T03:09:51Z,77625.49554
STARLINK-6151,2025-07-13T03:09:52Z,75345.43167
STARLINK-6151,2025-07-13T03:09:53Z,73046.7909
STARLINK-6151,2025-07-13T03:09:54Z,70729.94881
STARLINK-6151,2025-07-13T03:09:55Z,68395.3002
STARLINK-6151,2025-07-13T03:09:56Z,66043.25986
STARLINK-6151,2025-07-13T03:09:57Z,63674.26252
STARLINK-6151,2025-07-13T03:09:58Z,61288.76264
STARLINK-6151,2025-07-13T03:09:59Z,58887.23421
STARLINK-30110,2025-07-13T03:09:00Z,149993.6169
STARLINK-30110,2025-07-13T03:09:01Z,147979.7561
STARLINK-30110,2025-07-13T03:09:02Z,145927.3956
STARLINK-30110,2025-07-13T03:09:03Z,143836.1075
STARLINK-30110,2025-07-13T03:09:04Z,141705.4857
STARLINK-30110,2025-07-13T03:09:05Z,139535.1475
STARLINK-30110,2025-07-13T03:09:06Z,137324.7358
STARLINK-30110,2025-07-13T03:09:07Z,135073.9212
STARLINK-30110,2025-07-13T03:09:08Z,132782.4043
STARLINK-30110,2025-07-13T03:09:09Z,130449.9183
STARLINK-30110,2025-07-13T03:09:10Z,128076.2305
STARLINK-30110,2025-07-13T03:09:11Z,125661.1457
STARLINK-30110,2025-07-13T03:09:12Z,123204.5079
STARLINK-30110,2025-07-13T03:09:13Z,120706.2027
STARLINK-30110,2025-07-13T03:09:14Z,118166.1602
STARLINK-30110,2025-07-13T03:09:15Z,115584.357
STARLINK-30110,2025-07-13T03:09:16Z,112960.8189
STARLINK-30110,2025-07-13T03:09:17Z,110295.623
STARLINK-30110,2025-07-13T03:09:18Z,107588.9001
STARLINK-30110,2025-07-13T03:09:19Z,104840.8372
STARLINK-30110,2025-07-13T03:09:20Z,102051.6793
STARLINK-30110,2025-07-13T03:09:21Z,99221.73201
STARLINK-30110,2025-07-13T03:09:22Z,96351.36286
STARLINK-30110,2025-07-13T03:09:23Z,93441.00375
STARLINK-30110,2025-07-13T03:09:24Z,90491.15233
STARLINK-30110,2025-07-13T03:09:25Z,87502.37364
STARLINK-30110,2025-07-13T03:09:26Z,84475.3014
STARLINK-30110,2025-07-13T03:09:27Z,81410.63918
STARLINK-30110,2025-07-13T03:09:28Z,78309.16127
STARLINK-30110,2025-07-13T03:09:29Z,75171.71338
STARLINK-30110,2025-07-13T03:09:30Z,71999.213
STARLINK-30110,2025-07-13T03:09:31Z,68792.64956
STARLINK-30110,2025-07-13T03:09:32Z,65553.08424
STARLINK-30110,2025-07-13T03:09:33Z,62281.64951
STARLINK-30110,2025-07-13T03:09:34Z,58979.54831
STARLINK-30110,2025-07-13T03:09:35Z,55648.05297
STARLINK-30110,2025-07-13T03:09:36Z,52288.50374
STARLINK-30110,2025-07-13T03:09:37Z,48902.30703
STARLINK-30110,2025-07-13T03:09:38Z,45490.93326
STARLINK-30110,2025-07-13T03:09:39Z,42055.91442
STARLINK-30110,2025-07-13T03:09:40Z,38598.84125
STARLINK-30110,2025-07-13T03:09:41Z,35121.36019
STARLINK-30110,2025-07-13T03:09:42Z,31625.16984
STARLINK-30110,2025-07-13T03:09:43Z,28112.01735
STARLINK-30110,2025-07-13T03:09:44Z,24583.69429
STARLINK-30110,2025-07-13T03:09:45Z,21042.03243
STARLINK-30110,2025-07-13T03:09:46Z,17488.89919
STARLINK-30110,2025-07-13T03:09:47Z,13926.19286
STARLINK-30110,2025-07-13T03:09:48Z,10355.83773
STARLINK-30110,2025-07-13T03:09:49Z,6779.778895
STARLINK-30110,2025-07-13T03:09:50Z,3199.977085
STARLINK-30110,2025-07-13T03:09:51Z,-381.5967103
STARLINK-30110,2025-07-13T03:09:52Z,-3962.96663
STARLINK-30110,2025-07-13T03:09:53Z,-7542.15738
STARLINK-30110,2025-07-13T03:09:54Z,-11117.19967
STARLINK-30110,2025-07-13T03:09:55Z,-14686.13558
STARLINK-30110,2025-07-13T03:09:56Z,-18247.02394
STARLINK-30110,2025-07-13T03:09:57Z,-21797.94546
STARLINK-30110,2025-07-13T03:09:58Z,-25337.00788
STARLINK-30110,2025-07-13T03:09:59Z,-28862.35084
STARLINK-30110,2025-07-13T03:10:00Z,-32372.15057
STARLINK-30436,2025-07-13T03:09:00Z,22143.51093
STARLINK-30436,2025-07-13T03:09:01Z,18971.28703
STARLINK-30436,2025-07-13T03:09:02Z,15790.57691
STARLINK-30436,2025-07-13T03:09:03Z,12602.7798
STARLINK-30436,2025-07-13T03:09:04Z,9409.310716
STARLINK-30436,2025-07-13T03:09:05Z,6211.597341
STARLINK-30436,2025-07-13T03:09:06Z,3011.076882
STARLINK-30436,2025-07-13T03:09:07Z,-190.8071452
STARLINK-30436,2025-07-13T03:09:08Z,-3392.608155
STARLINK-30436,2025-07-13T03:09:09Z,-6592.879753
STARLINK-30436,2025-07-13T03:09:10Z,-9790.178991
STARLINK-30436,2025-07-13T03:09:11Z,-12983.0696
STARLINK-30436,2025-07-13T03:09:12Z,-16170.12522
STARLINK-30436,2025-07-13T03:09:13Z,-19349.9325
STARLINK-30436,2025-07-13T03:09:14Z,-22521.09423
STARLINK-30436,2025-07-13T03:09:15Z,-25682.23234
STARLINK-30436,2025-07-13T03:09:16Z,-28831.99076
STARLINK-30436,2025-07-13T03:09:17Z,-31969.03827
STARLINK-30436,2025-07-13T03:09:18Z,-35092.07111
STARLINK-30436,2025-07-13T03:09:19Z,-38199.81556
STARLINK-30436,2025-07-13T03:09:20Z,-41291.03029
STARLINK-30436,2025-07-13T03:09:21Z,-44364.50859
STARLINK-30436,2025-07-13T03:09:22Z,-47419.08046
STARLINK-30436,2025-07-13T03:09:23Z,-50453.61448
STARLINK-30436,2025-07-13T03:09:24Z,-53467.01952
STARLINK-30436,2025-07-13T03:09:25Z,-56458.24632
STARLINK-30436,2025-07-13T03:09:26Z,-59426.28877
STARLINK-30436,2025-07-13T03:09:27Z,-62370.18518
STARLINK-30436,2025-07-13T03:09:28Z,-65289.01918
STARLINK-30436,2025-07-13T03:09:29Z,-68181.92057
STARLINK-30436,2025-07-13T03:09:30Z,-71048.06596
STARLINK-30436,2025-07-13T03:09:31Z,-73886.67918
STARLINK-30436,2025-07-13T03:09:32Z,-76697.0316
STARLINK-30436,2025-07-13T03:09:33Z,-79478.44222
STARLINK-30436,2025-07-13T03:09:34Z,-82230.27765
STARLINK-30436,2025-07-13T03:09:35Z,-84951.95189
STARLINK-30436,2025-07-13T03:09:36Z,-87642.92599
STARLINK-30436,2025-07-13T03:09:37Z,-90302.70761
STARLINK-30436,2025-07-13T03:09:38Z,-92930.85036
STARLINK-30436,2025-07-13T03:09:39Z,-95526.95311
STARLINK-30436,2025-07-13T03:09:40Z,-98090.65916
STARLINK-30436,2025-07-13T03:09:41Z,-100621.6553
STARLINK-30436,2025-07-13T03:09:42Z,-103119.6707
STARLINK-30436,2025-07-13T03:09:43Z,-105584.4761
STARLINK-30436,2025-07-13T03:09:44Z,-108015.8822
STARLINK-30436,2025-07-13T03:09:45Z,-110413.7387
STARLINK-30436,2025-07-13T03:09:46Z,-112777.933
STARLINK-30436,2025-07-13T03:09:47Z,-115108.3887
STARLINK-30436,2025-07-13T03:09:48Z,-117405.0644
STARLINK-30436,2025-07-13T03:09:49Z,-119667.9523
STARLINK-30436,2025-07-13T03:09:50Z,-121897.0765
STARLINK-30436,2025-07-13T03:09:51Z,-124092.4918
STARLINK-30436,2025-07-13T03:09:52Z,-126254.2823
STARLINK-30436,2025-07-13T03:09:53Z,-128382.5597
STARLINK-30436,2025-07-13T03:09:54Z,-130477.4622
STARLINK-30436,2025-07-13T03:09:55Z,-132539.1525
STARLINK-30436,2025-07-13T03:09:56Z,-134567.817
STARLINK-30436,2025-07-13T03:09:57Z,-136563.6642
STARLINK-30436,2025-07-13T03:09:58Z,-138526.9229
STARLINK-30436,2025-07-13T03:09:59Z,-140457.8414
STARLINK-30436,2025-07-13T03:10:00Z,-142356.6861
STARLINK-30472,2025-07-13T03:09:00Z,-145698.0778
STARLINK-30472,2025-07-13T03:09:01Z,-147480.7843
STARLINK-30472,2025-07-13T03:09:02Z,-149233.5409
STARLINK-30472,2025-07-13T03:09:03Z,-150956.6662
STARLINK-30472,2025-07-13T03:09:04Z,-152650.4891
STARLINK-30472,2025-07-13T03:09:05Z,-154315.3477
STARLINK-30472,2025-07-13T03:09:06Z,-155951.5889
STARLINK-30472,2025-07-13T03:09:07Z,-157559.5668
STARLINK-30472,2025-07-13T03:09:08Z,-159139.6423
STARLINK-30472,2025-07-13T03:09:09Z,-160692.182
STARLINK-30472,2025-07-13T03:09:10Z,-162217.5577
STARLINK-30472,2025-07-13T03:09:11Z,-163716.1454
STARLINK-30472,2025-07-13T03:09:12Z,-165188.3245
STARLINK-30472,2025-07-13T03:09:13Z,-166634.4777
STARLINK-30472,2025-07-13T03:09:14Z,-168054.9895
STARLINK-30472,2025-07-13T03:09:15Z,-169450.2463
STARLINK-30472,2025-07-13T03:09:16Z,-170820.6355
STARLINK-30472,2025-07-13T03:09:17Z,-172166.5452
STARLINK-30472,2025-07-13T03:09:18Z,-173488.3633
STARLINK-30472,2025-07-13T03:09:19Z,-174786.4773
STARLINK-30472,2025-07-13T03:09:20Z,-176061.2741
STARLINK-30472,2025-07-13T03:09:21Z,-177313.139
STARLINK-30472,2025-07-13T03:09:22Z,-178542.4558
STARLINK-30472,2025-07-13T03:09:23Z,-179749.6062
STARLINK-30472,2025-07-13T03:09:24Z,-180934.9696
STARLINK-30472,2025-07-13T03:09:25Z,-182098.9228
STARLINK-30472,2025-07-13T03:09:26Z,-183241.8396
STARLINK-30472,2025-07-13T03:09:27Z,-184364.0906
STARLINK-30472,2025-07-13T03:09:28Z,-185466.0431
STARLINK-30472,2025-07-13T03:09:29Z,-186548.0606
STARLINK-30472,2025-07-13T03:09:30Z,-187610.5029
STARLINK-31244,2025-07-13T03:09:58Z,194963.3209
STARLINK-31244,2025-07-13T03:09:59Z,193792.5038
STARLINK-31244,2025-07-13T03:10:00Z,192596.0467
STARLINK-30945,2025-07-13T03:09:52Z,194761.0103
STARLINK-30945,2025-07-13T03:09:53Z,193604.3658
STARLINK-30945,2025-07-13T03:09:54Z,192422.6853
STARLINK-30945,2025-07-13T03:09:55Z,191215.4084
STARLINK-30945,2025-07-13T03:09:56Z,189981.966
STARLINK-30945,2025-07-13T03:09:57Z,188721.7805
STARLINK-30945,2025-07-13T03:09:58Z,187434.2659
STARLINK-30945,2025-07-13T03:09:59Z,186118.8288
STARLINK-30945,2025-07-13T03:10:00Z,184774.8678
STARLINK-31316,2025-07-13T03:09:00Z,101599.6371
STARLINK-31316,2025-07-13T03:09:01Z,98705.61553
STARLINK-31316,2025-07-13T03:09:02Z,95769.67827
STARLINK-31316,2025-07-13T03:09:03Z,92792.29749
STARLINK-31316,2025-07-13T03:09:04Z,89774.01685
STARLINK-31316,2025-07-13T03:09:05Z,86715.45306
STARLINK-31316,2025-07-13T03:09:06Z,83617.29736
STARLINK-31316,2025-07-13T03:09:07Z,80480.31666
STARLINK-31316,2025-07-13T03:09:08Z,77305.35444
STARLINK-31316,2025-07-13T03:09:09Z,74093.33145
STARLINK-31316,2025-07-13T03:09:10Z,70845.24601
STARLINK-31316,2025-07-13T03:09:11Z,67562.17403
STARLINK-31316,2025-07-13T03:09:12Z,64245.26872
STARLINK-31316,2025-07-13T03:09:13Z,60895.75996
STARLINK-31316,2025-07-13T03:09:14Z,57514.95321
STARLINK-31316,2025-07-13T03:09:15Z,54104.22821
STARLINK-31316,2025-07-13T03:09:16Z,50665.03718
STARLINK-31316,2025-07-13T03:09:17Z,47198.9027
STARLINK-31316,2025-07-13T03:09:18Z,43707.41518
STARLINK-31316,2025-07-13T03:09:19Z,40192.22999
STARLINK-31316,2025-07-13T03:09:20Z,36655.0642
STARLINK-31316,2025-07-13T03:09:21Z,33097.69293
STARLINK-31316,2025-07-13T03:09:22Z,29521.94543
STARLINK-31316,2025-07-13T03:09:23Z,25929.70077
STARLINK-31316,2025-07-13T03:09:24Z,22322.88322
STARLINK-31316,2025-07-13T03:09:25Z,18703.4574
STARLINK-31316,2025-07-13T03:09:26Z,15073.4231
STARLINK-31316,2025-07-13T03:09:27Z,11434.80995
STARLINK-31316,2025-07-13T03:09:28Z,7789.671837
STARLINK-31316,2025-07-13T03:09:29Z,4140.081175
STARLINK-31316,2025-07-13T03:09:30Z,488.1230816
STARLINK-31316,2025-07-13T03:09:31Z,-3164.110565
STARLINK-31316,2025-07-13T03:09:32Z,-6814.527093
STARLINK-31316,2025-07-13T03:09:33Z,-10461.03902
STARLINK-31316,2025-07-13T03:09:34Z,-14101.56999
STARLINK-31316,2025-07-13T03:09:35Z,-17734.06066
STARLINK-31316,2025-07-13T03:09:36Z,-21356.47442
STARLINK-31316,2025-07-13T03:09:37Z,-24966.80307
STARLINK-31316,2025-07-13T03:09:38Z,-28563.07217
STARLINK-31316,2025-07-13T03:09:39Z,-32143.34627
STARLINK-31316,2025-07-13T03:09:40Z,-35705.7339
STARLINK-31316,2025-07-13T03:09:41Z,-39248.3922
STARLINK-31316,2025-07-13T03:09:42Z,-42769.53131
STARLINK-31316,2025-07-13T03:09:43Z,-46267.41845
STARLINK-31316,2025-07-13T03:09:44Z,-49740.38159
STARLINK-31316,2025-07-13T03:09:45Z,-53186.81283
STARLINK-31316,2025-07-13T03:09:46Z,-56605.1714
STARLINK-31316,2025-07-13T03:09:47Z,-59993.98623
STARLINK-31316,2025-07-13T03:09:48Z,-63351.85823
STARLINK-31316,2025-07-13T03:09:49Z,-66677.46214
STARLINK-31316,2025-07-13T03:09:50Z,-69969.54797
STARLINK-31316,2025-07-13T03:09:51Z,-73226.94217
STARLINK-31316,2025-07-13T03:09:52Z,-76448.54832
STARLINK-31316,2025-07-13T03:09:53Z,-79633.34758
STARLINK-31316,2025-07-13T03:09:54Z,-82780.39872
STARLINK-31316,2025-07-13T03:09:55Z,-85888.83786
STARLINK-31316,2025-07-13T03:09:56Z,-88957.87793
STARLINK-31316,2025-07-13T03:09:57Z,-91986.80779
STARLINK-31316,2025-07-13T03:09:58Z,-94974.99116
STARLINK-31316,2025-07-13T03:09:59Z,-97921.86521
STARLINK-31316,2025-07-13T03:10:00Z,-100826.939
STARLINK-31500,2025-07-13T03:09:18Z,190671.2583
STARLINK-31500,2025-07-13T03:09:19Z,189434.965
STARLINK-31500,2025-07-13T03:09:20Z,188172.226
STARLINK-31500,2025-07-13T03:09:21Z,186882.4735
STARLINK-31500,2025-07-13T03:09:22Z,185565.1324
STARLINK-31500,2025-07-13T03:09:23Z,184219.6208
STARLINK-31500,2025-07-13T03:09:24Z,182845.3503
STARLINK-31500,2025-07-13T03:09:25Z,181441.7269
STARLINK-31500,2025-07-13T03:09:26Z,180008.1511
STARLINK-31500,2025-07-13T03:09:27Z,178544.0189
STARLINK-31500,2025-07-13T03:09:28Z,177048.7222
STARLINK-31500,2025-07-13T03:09:29Z,175521.6499
STARLINK-31500,2025-07-13T03:09:30Z,173962.1881
STARLINK-31500,2025-07-13T03:09:31Z,172369.7217
STARLINK-31500,2025-07-13T03:09:32Z,170743.6347
STARLINK-31500,2025-07-13T03:09:33Z,169083.3117
STARLINK-31500,2025-07-13T03:09:34Z,167388.1388
STARLINK-31500,2025-07-13T03:09:35Z,165657.5048
STARLINK-31500,2025-07-13T03:09:36Z,163890.8025
STARLINK-31500,2025-07-13T03:09:37Z,162087.43
STARLINK-31500,2025-07-13T03:09:38Z,160246.7925
STARLINK-31500,2025-07-13T03:09:39Z,158368.3032
STARLINK-31500,2025-07-13T03:09:40Z,156451.3855
STARLINK-31500,2025-07-13T03:09:41Z,154495.4747
STARLINK-31500,2025-07-13T03:09:42Z,152500.0196
STARLINK-31500,2025-07-13T03:09:43Z,150464.4844
STARLINK-31500,2025-07-13T03:09:44Z,148388.3511
STARLINK-31500,2025-07-13T03:09:45Z,146271.1212
STARLINK-31500,2025-07-13T03:09:46Z,144112.3183
STARLINK-31500,2025-07-13T03:09:47Z,141911.4901
STARLINK-31500,2025-07-13T03:09:48Z,139668.2111
STARLINK-31500,2025-07-13T03:09:49Z,137382.0847
STARLINK-31500,2025-07-13T03:09:50Z,135052.7462
STARLINK-31500,2025-07-13T03:09:51Z,132679.8651
STARLINK-31500,2025-07-13T03:09:52Z,130263.1481
STARLINK-31500,2025-07-13T03:09:53Z,127802.3413
STARLINK-31500,2025-07-13T03:09:54Z,125297.2338
STARLINK-31500,2025-07-13T03:09:55Z,122747.66
STARLINK-31500,2025-07-13T03:09:56Z,120153.5025
STARLINK-31500,2025-07-13T03:09:57Z,117514.6952
STARLINK-31500,2025-07-13T03:09:58Z,114831.2257
STARLINK-31500,2025-07-13T03:09:59Z,112103.1389
STARLINK-32005,2025-07-13T03:09:36Z,169254.4594
STARLINK-32005,2025-07-13T03:09:37Z,167648.4636
STARLINK-32005,2025-07-13T03:09:38Z,166011.716
STARLINK-32005,2025-07-13T03:09:39Z,164343.7446
STARLINK-32005,2025-07-13T03:09:40Z,162644.0823
STARLINK-32005,2025-07-13T03:09:41Z,160912.2674
STARLINK-32005,2025-07-13T03:09:42Z,159147.8453
STARLINK-32005,2025-07-13T03:09:43Z,157350.3694
STARLINK-32005,2025-07-13T03:09:44Z,155519.4022
STARLINK-32005,2025-07-13T03:09:45Z,153654.5164
STARLINK-32005,2025-07-13T03:09:46Z,151755.2967
STARLINK-32005,2025-07-13T03:09:47Z,149821.3408
STARLINK-32005,2025-07-13T03:09:48Z,147852.2608
STARLINK-32005,2025-07-13T03:09:49Z,145847.6848
STARLINK-32005,2025-07-13T03:09:50Z,143807.2584
STARLINK-32005,2025-07-13T03:09:51Z,141730.6465
STARLINK-32005,2025-07-13T03:09:52Z,139617.5343
STARLINK-32005,2025-07-13T03:09:53Z,137467.6299
STARLINK-32005,2025-07-13T03:09:54Z,135280.6652
STARLINK-32005,2025-07-13T03:09:55Z,133056.3981
STARLINK-32005,2025-07-13T03:09:56Z,130794.6144
STARLINK-32005,2025-07-13T03:09:57Z,128495.1292
STARLINK-32005,2025-07-13T03:09:58Z,126157.7894
STARLINK-32005,2025-07-13T03:09:59Z,123782.4747
STARLINK-32005,2025-07-13T03:10:00Z,121369.1005
STARLINK-31788,2025-07-13T03:09:00Z,-175113.8095
STARLINK-31788,2025-07-13T03:09:01Z,-176755.3745
STARLINK-31788,2025-07-13T03:09:02Z,-178361.8321
STARLINK-31788,2025-07-13T03:09:03Z,-179933.8638
STARLINK-31788,2025-07-13T03:09:04Z,-181472.1485
STARLINK-31788,2025-07-13T03:09:05Z,-182977.3617
STARLINK-31788,2025-07-13T03:09:06Z,-184450.1749
STARLINK-31788,2025-07-13T03:09:07Z,-185891.2541
STARLINK-31788,2025-07-13T03:09:08Z,-187301.2598
STARLINK-31788,2025-07-13T03:09:09Z,-188680.8459
STARLINK-31788,2025-07-13T03:09:10Z,-190030.6591
STARLINK-31788,2025-07-13T03:09:11Z,-191351.3385
STARLINK-31788,2025-07-13T03:09:12Z,-192643.515
STARLINK-32176,2025-07-13T03:09:00Z,17981.13982
STARLINK-32176,2025-07-13T03:09:01Z,14478.57857
STARLINK-32176,2025-07-13T03:09:02Z,10968.50683
STARLINK-32176,2025-07-13T03:09:03Z,7452.729599
STARLINK-32176,2025-07-13T03:09:04Z,3933.066612
STARLINK-32176,2025-07-13T03:09:05Z,411.3476792
STARLINK-32176,2025-07-13T03:09:06Z,-3110.592054
STARLINK-32176,2025-07-13T03:09:07Z,-6630.916876
STARLINK-32176,2025-07-13T03:09:08Z,-10147.79527
STARLINK-32176,2025-07-13T03:09:09Z,-13659.40468
STARLINK-32176,2025-07-13T03:09:10Z,-17163.93618
STARLINK-32176,2025-07-13T03:09:11Z,-20659.59907
STARLINK-32176,2025-07-13T03:09:12Z,-24144.62542
STARLINK-32176,2025-07-13T03:09:13Z,-27617.27439
STARLINK-32176,2025-07-13T03:09:14Z,-31075.83647
STARLINK-32176,2025-07-13T03:09:15Z,-34518.63746
STARLINK-32176,2025-07-13T03:09:16Z,-37944.04232
STARLINK-32176,2025-07-13T03:09:17Z,-41350.45876
STARLINK-32176,2025-07-13T03:09:18Z,-44736.3406
STARLINK-32176,2025-07-13T03:09:19Z,-48100.19083
STARLINK-32176,2025-07-13T03:09:20Z,-51440.56452
STARLINK-32176,2025-07-13T03:09:21Z,-54756.07132
STARLINK-32176,2025-07-13T03:09:22Z,-58045.37778
STARLINK-32176,2025-07-13T03:09:23Z,-61307.20931
STARLINK-32176,2025-07-13T03:09:24Z,-64540.35192
STARLINK-32176,2025-07-13T03:09:25Z,-67743.65361
STARLINK-32176,2025-07-13T03:09:26Z,-70916.02555
STARLINK-32176,2025-07-13T03:09:27Z,-74056.44285
STARLINK-32176,2025-07-13T03:09:28Z,-77163.94521
STARLINK-32176,2025-07-13T03:09:29Z,-80237.63721
STARLINK-32176,2025-07-13T03:09:30Z,-83276.68836
STARLINK-32176,2025-07-13T03:09:31Z,-86280.3329
STARLINK-32176,2025-07-13T03:09:32Z,-89247.86941
STARLINK-32176,2025-07-13T03:09:33Z,-92178.66013
STARLINK-32176,2025-07-13T03:09:34Z,-95072.13015
STARLINK-32176,2025-07-13T03:09:35Z,-97927.76635
STARLINK-32176,2025-07-13T03:09:36Z,-100745.1162
STARLINK-32176,2025-07-13T03:09:37Z,-103523.7864
STARLINK-32176,2025-07-13T03:09:38Z,-106263.4414
STARLINK-32176,2025-07-13T03:09:39Z,-108963.8017
STARLINK-32176,2025-07-13T03:09:40Z,-111624.6421
STARLINK-32176,2025-07-13T03:09:41Z,-114245.7898
STARLINK-32176,2025-07-13T03:09:42Z,-116827.1229
STARLINK-32176,2025-07-13T03:09:43Z,-119368.5678
STARLINK-32176,2025-07-13T03:09:44Z,-121870.0975
STARLINK-32176,2025-07-13T03:09:45Z,-124331.7295
STARLINK-32176,2025-07-13T03:09:46Z,-126753.5235
STARLINK-32176,2025-07-13T03:09:47Z,-129135.5797
STARLINK-32176,2025-07-13T03:09:48Z,-131478.0361
STARLINK-32176,2025-07-13T03:09:49Z,-133781.067
STARLINK-32176,2025-07-13T03:09:50Z,-136044.8802
STARLINK-32176,2025-07-13T03:09:51Z,-138269.7157
STARLINK-32176,2025-07-13T03:09:52Z,-140455.8428
STARLINK-32176,2025-07-13T03:09:53Z,-142603.5588
STARLINK-32176,2025-07-13T03:09:54Z,-144713.1867
STARLINK-32176,2025-07-13T03:09:55Z,-146785.0733
STARLINK-32176,2025-07-13T03:09:56Z,-148819.5874
STARLINK-32176,2025-07-13T03:09:57Z,-150817.1178
STARLINK-32176,2025-07-13T03:09:58Z,-152778.0717
STARLINK-32176,2025-07-13T03:09:59Z,-154702.8733
STARLINK-32176,2025-07-13T03:10:00Z,-156591.9613
STARLINK-32381,2025-07-13T03:09:19Z,91774.0811
STARLINK-32381,2025-07-13T03:09:20Z,89450.92557
STARLINK-32381,2025-07-13T03:09:21Z,87104.26448
STARLINK-32381,2025-07-13T03:09:22Z,84734.40909
STARLINK-32381,2025-07-13T03:09:23Z,82341.69753
STARLINK-32381,2025-07-13T03:09:24Z,79926.49392
STARLINK-32381,2025-07-13T03:09:25Z,77489.18865
STARLINK-32381,2025-07-13T03:09:26Z,75030.19843
STARLINK-32381,2025-07-13T03:09:27Z,72549.96643
STARLINK-32381,2025-07-13T03:09:28Z,70048.96225
STARLINK-32381,2025-07-13T03:09:29Z,67527.68191
STARLINK-32381,2025-07-13T03:09:30Z,64986.6477
STARLINK-32381,2025-07-13T03:09:31Z,62426.40798
STARLINK-32381,2025-07-13T03:09:32Z,59847.53697
STARLINK-32381,2025-07-13T03:09:33Z,57250.63435
STARLINK-32381,2025-07-13T03:09:34Z,54636.32493
STARLINK-32381,2025-07-13T03:09:35Z,52005.2581
STARLINK-32381,2025-07-13T03:09:36Z,49358.10729
STARLINK-32381,2025-07-13T03:09:37Z,46695.56936
STARLINK-32381,2025-07-13T03:09:38Z,44018.3639
STARLINK-32381,2025-07-13T03:09:39Z,41327.23238
STARLINK-32381,2025-07-13T03:09:40Z,38622.93739
STARLINK-32381,2025-07-13T03:09:41Z,35906.26165
STARLINK-32381,2025-07-13T03:09:42Z,33178.00703
STARLINK-32381,2025-07-13T03:09:43Z,30438.9935
STARLINK-32381,2025-07-13T03:09:44Z,27690.05799
STARLINK-32381,2025-07-13T03:09:45Z,24932.05321
STARLINK-32381,2025-07-13T03:09:46Z,22165.84639
STARLINK-32381,2025-07-13T03:09:47Z,19392.31803
STARLINK-32381,2025-07-13T03:09:48Z,16612.36047
STARLINK-32381,2025-07-13T03:09:49Z,13826.87658
STARLINK-32381,2025-07-13T03:09:50Z,11036.77827
STARLINK-32381,2025-07-13T03:09:51Z,8242.985068
STARLINK-32381,2025-07-13T03:09:52Z,5446.422572
STARLINK-32381,2025-07-13T03:09:53Z,2648.020982
STARLINK-32381,2025-07-13T03:09:54Z,-151.2864668
STARLINK-32381,2025-07-13T03:09:55Z,-2950.565042
STARLINK-32381,2025-07-13T03:09:56Z,-5748.880074
STARLINK-32381,2025-07-13T03:09:57Z,-8545.298505
STARLINK-32381,2025-07-13T03:09:58Z,-11338.89044
STARLINK-32381,2025-07-13T03:09:59Z,-14128.73068
STARLINK-32401,2025-07-13T03:09:00Z,133762.5208
STARLINK-32401,2025-07-13T03:09:01Z,131307.0066
STARLINK-32401,2025-07-13T03:09:02Z,128805.2828
STARLINK-32401,2025-07-13T03:09:03Z,126257.1011
STARLINK-32401,2025-07-13T03:09:04Z,123662.2619
STARLINK-32401,2025-07-13T03:09:05Z,121020.6178
STARLINK-32401,2025-07-13T03:09:06Z,118332.0766
STARLINK-32401,2025-07-13T03:09:07Z,115596.6046
STARLINK-32401,2025-07-13T03:09:08Z,112814.23
STARLINK-32401,2025-07-13T03:09:09Z,109985.0459
STARLINK-32401,2025-07-13T03:09:10Z,107109.2133
STARLINK-32401,2025-07-13T03:09:11Z,104186.9647
STARLINK-32401,2025-07-13T03:09:12Z,101218.6062
STARLINK-32401,2025-07-13T03:09:13Z,98204.52091
STARLINK-32401,2025-07-13T03:09:14Z,95145.17127
STARLINK-32401,2025-07-13T03:09:15Z,92041.10155
STARLINK-32401,2025-07-13T03:09:16Z,88892.94003
STARLINK-32401,2025-07-13T03:09:17Z,85701.40095
STARLINK-32401,2025-07-13T03:09:18Z,82467.28613
STARLINK-32401,2025-07-13T03:09:19Z,79191.48637
STARLINK-32401,2025-07-13T03:09:20Z,75874.98241
STARLINK-32401,2025-07-13T03:09:21Z,72518.84562
STARLINK-32401,2025-07-13T03:09:22Z,69124.23824
STARLINK-32401,2025-07-13T03:09:23Z,65692.41324
STARLINK-32401,2025-07-13T03:09:24Z,62224.71375
STARLINK-32401,2025-07-13T03:09:25Z,58722.572
STARLINK-32401,2025-07-13T03:09:26Z,55187.50788
STARLINK-32401,2025-07-13T03:09:27Z,51621.12694
STARLINK-32401,2025-07-13T03:09:28Z,48025.11798
STARLINK-32401,2025-07-13T03:09:29Z,44401.25009
STARLINK-32401,2025-07-13T03:09:30Z,40751.36932
STARLINK-32401,2025-07-13T03:09:31Z,37077.39475
STARLINK-32401,2025-07-13T03:09:32Z,33381.31421
STARLINK-32401,2025-07-13T03:09:33Z,29665.17947
STARLINK-32401,2025-07-13T03:09:34Z,25931.1011
STARLINK-32401,2025-07-13T03:09:35Z,22181.24286
STARLINK-32401,2025-07-13T03:09:36Z,18417.81578
STARLINK-32401,2025-07-13T03:09:37Z,14643.07187
STARLINK-32401,2025-07-13T03:09:38Z,10859.29761
STARLINK-32401,2025-07-13T03:09:39Z,7068.807102
STARLINK-32401,2025-07-13T03:09:40Z,3273.935117
STARLINK-32401,2025-07-13T03:09:41Z,-522.9700512
STARLINK-32401,2025-07-13T03:09:42Z,-4319.553828
STARLINK-32401,2025-07-13T03:09:43Z,-8113.462636
STARLINK-32401,2025-07-13T03:09:44Z,-11902.35117
STARLINK-32401,2025-07-13T03:09:45Z,-15683.8896
STARLINK-32401,2025-07-13T03:09:46Z,-19455.77071
STARLINK-32401,2025-07-13T03:09:47Z,-23215.7168
STARLINK-32401,2025-07-13T03:09:48Z,-26961.48641
STARLINK-32401,2025-07-13T03:09:49Z,-30690.88087
STARLINK-32401,2025-07-13T03:09:50Z,-34401.75039
STARLINK-32401,2025-07-13T03:09:51Z,-38091.99996
STARLINK-32401,2025-07-13T03:09:52Z,-41759.59481
STARLINK-32401,2025-07-13T03:09:53Z,-45402.56548
STARLINK-32401,2025-07-13T03:09:54Z,-49019.01246
STARLINK-32401,2025-07-13T03:09:55Z,-52607.11042
STARLINK-32401,2025-07-13T03:09:56Z,-56165.11191
STARLINK-32401,2025-07-13T03:09:57Z,-59691.35065
STARLINK-32401,2025-07-13T03:09:58Z,-63184.24432
STARLINK-32401,2025-07-13T03:09:59Z,-66642.29685
STARLINK-32401,2025-07-13T03:10:00Z,-70064.10026
STARLINK-11353 [DTC],2025-07-13T03:09:00Z,-157198.4733
STARLINK-11353 [DTC],2025-07-13T03:09:01Z,-160047.1351
STARLINK-11353 [DTC],2025-07-13T03:09:02Z,-162817.2244
STARLINK-11353 [DTC],2025-07-13T03:09:03Z,-165510.3097
STARLINK-11353 [DTC],2025-07-13T03:09:04Z,-168128.0058
STARLINK-11353 [DTC],2025-07-13T03:09:05Z,-170671.9648
STARLINK-11353 [DTC],2025-07-13T03:09:06Z,-173143.8671
STARLINK-11353 [DTC],2025-07-13T03:09:07Z,-175545.4136
STARLINK-11353 [DTC],2025-07-13T03:09:08Z,-177878.3182
STARLINK-11353 [DTC],2025-07-13T03:09:09Z,-180144.3014
STARLINK-11353 [DTC],2025-07-13T03:09:10Z,-182345.0841
STARLINK-11353 [DTC],2025-07-13T03:09:11Z,-184482.3823
STARLINK-11353 [DTC],2025-07-13T03:09:12Z,-186557.9022
STARLINK-11353 [DTC],2025-07-13T03:09:13Z,-188573.3361
STARLINK-11353 [DTC],2025-07-13T03:09:14Z,-190530.3584
STARLINK-11353 [DTC],2025-07-13T03:09:15Z,-192430.6224
STARLINK-11353 [DTC],2025-07-13T03:09:16Z,-194275.7572
STARLINK-11353 [DTC],2025-07-13T03:09:17Z,-196067.3658
STARLINK-11353 [DTC],2025-07-13T03:09:18Z,-197807.022
STARLINK-11353 [DTC],2025-07-13T03:09:19Z,-199496.2697
STARLINK-32480,2025-07-13T03:09:00Z,-116794.4087
STARLINK-32480,2025-07-13T03:09:01Z,-119501.4253
STARLINK-32480,2025-07-13T03:09:02Z,-122161.8105
STARLINK-32480,2025-07-13T03:09:03Z,-124775.6226
STARLINK-32480,2025-07-13T03:09:04Z,-127342.9765
STARLINK-32480,2025-07-13T03:09:05Z,-129864.0403
STARLINK-32480,2025-07-13T03:09:06Z,-132339.0321
STARLINK-32480,2025-07-13T03:09:07Z,-134768.217
STARLINK-32480,2025-07-13T03:09:08Z,-137151.9039
STARLINK-32480,2025-07-13T03:09:09Z,-139490.4422
STARLINK-32480,2025-07-13T03:09:10Z,-141784.2191
STARLINK-32480,2025-07-13T03:09:11Z,-144033.6566
STARLINK-32480,2025-07-13T03:09:12Z,-146239.2082
STARLINK-32480,2025-07-13T03:09:13Z,-148401.357
STARLINK-32480,2025-07-13T03:09:14Z,-150520.6121
STARLINK-32480,2025-07-13T03:09:15Z,-152597.5065
STARLINK-32480,2025-07-13T03:09:16Z,-154632.5948
STARLINK-32480,2025-07-13T03:09:17Z,-156626.4503
STARLINK-32480,2025-07-13T03:09:18Z,-158579.6631
STARLINK-32480,2025-07-13T03:09:19Z,-160492.838
STARLINK-32480,2025-07-13T03:09:20Z,-162366.5922
STARLINK-32480,2025-07-13T03:09:21Z,-164201.5536
STARLINK-32480,2025-07-13T03:09:22Z,-165998.359
STARLINK-32480,2025-07-13T03:09:23Z,-167757.6522
STARLINK-32480,2025-07-13T03:09:24Z,-169480.0824
STARLINK-32480,2025-07-13T03:09:25Z,-171166.303
STARLINK-32480,2025-07-13T03:09:26Z,-172816.9698
STARLINK-32480,2025-07-13T03:09:27Z,-174432.7401
STARLINK-32480,2025-07-13T03:09:28Z,-176014.2711
STARLINK-32480,2025-07-13T03:09:29Z,-177562.2191
STARLINK-32480,2025-07-13T03:09:30Z,-179077.2382
STARLINK-32480,2025-07-13T03:09:31Z,-180559.9798
STARLINK-32480,2025-07-13T03:09:32Z,-182011.0909
STARLINK-32480,2025-07-13T03:09:33Z,-183431.2143
STARLINK-32480,2025-07-13T03:09:34Z,-184820.9872
STARLINK-32480,2025-07-13T03:09:35Z,-186181.0408
STARLINK-32480,2025-07-13T03:09:36Z,-187511.9995
STARLINK-32480,2025-07-13T03:09:37Z,-188814.4808
STARLINK-32480,2025-07-13T03:09:38Z,-190089.0944
STARLINK-32480,2025-07-13T03:09:39Z,-191336.442
STARLINK-32480,2025-07-13T03:09:40Z,-192557.1168
STARLINK-32480,2025-07-13T03:09:41Z,-193751.7034
STARLINK-32670,2025-07-13T03:09:00Z,-70639.18822
STARLINK-32670,2025-07-13T03:09:01Z,-73568.53788
STARLINK-32670,2025-07-13T03:09:02Z,-76468.78804
STARLINK-32670,2025-07-13T03:09:03Z,-79339.1972
STARLINK-32670,2025-07-13T03:09:04Z,-82179.07483
STARLINK-32670,2025-07-13T03:09:05Z,-84987.78127
STARLINK-32670,2025-07-13T03:09:06Z,-87764.72741
STARLINK-32670,2025-07-13T03:09:07Z,-90509.37419
STARLINK-32670,2025-07-13T03:09:08Z,-93221.23208
STARLINK-32670,2025-07-13T03:09:09Z,-95899.86025
STARLINK-32670,2025-07-13T03:09:10Z,-98544.86577
STARLINK-32670,2025-07-13T03:09:11Z,-101155.9026
STARLINK-32670,2025-07-13T03:09:12Z,-103732.6706
STARLINK-32670,2025-07-13T03:09:13Z,-106274.9141
STARLINK-32670,2025-07-13T03:09:14Z,-108782.4211
STARLINK-32670,2025-07-13T03:09:15Z,-111255.0214
STARLINK-32670,2025-07-13T03:09:16Z,-113692.5856
STARLINK-32670,2025-07-13T03:09:17Z,-116095.0236
STARLINK-32670,2025-07-13T03:09:18Z,-118462.283
STARLINK-32670,2025-07-13T03:09:19Z,-120794.3475
STARLINK-32670,2025-07-13T03:09:20Z,-123091.2358
STARLINK-32670,2025-07-13T03:09:21Z,-125352.9993
STARLINK-32670,2025-07-13T03:09:22Z,-127579.7213
STARLINK-32670,2025-07-13T03:09:23Z,-129771.515
STARLINK-32670,2025-07-13T03:09:24Z,-131928.5217
STARLINK-32670,2025-07-13T03:09:25Z,-134050.91
STARLINK-32670,2025-07-13T03:09:26Z,-136138.8735
STARLINK-32670,2025-07-13T03:09:27Z,-138192.6295
STARLINK-32670,2025-07-13T03:09:28Z,-140212.4178
STARLINK-32670,2025-07-13T03:09:29Z,-142198.4987
STARLINK-32670,2025-07-13T03:09:30Z,-144151.1522
STARLINK-32670,2025-07-13T03:09:31Z,-146070.6758
STARLINK-32670,2025-07-13T03:09:32Z,-147957.384
STARLINK-32670,2025-07-13T03:09:33Z,-149811.6062
STARLINK-32670,2025-07-13T03:09:34Z,-151633.6859
STARLINK-32670,2025-07-13T03:09:35Z,-153423.9793
STARLINK-32670,2025-07-13T03:09:36Z,-155182.8543
STARLINK-32670,2025-07-13T03:09:37Z,-156910.6889
STARLINK-32670,2025-07-13T03:09:38Z,-158607.8705
STARLINK-32670,2025-07-13T03:09:39Z,-160274.7949
STARLINK-32670,2025-07-13T03:09:40Z,-161911.8649
STARLINK-32670,2025-07-13T03:09:41Z,-163519.4896
STARLINK-11490 [DTC],2025-07-13T03:09:24Z,189689.8482
STARLINK-11490 [DTC],2025-07-13T03:09:25Z,187831.6003
STARLINK-11490 [DTC],2025-07-13T03:09:26Z,185921.0368
STARLINK-11490 [DTC],2025-07-13T03:09:27Z,183956.7474
STARLINK-11490 [DTC],2025-07-13T03:09:28Z,181937.309
STARLINK-11490 [DTC],2025-07-13T03:09:29Z,179861.2879
STARLINK-11490 [DTC],2025-07-13T03:09:30Z,177727.2425
STARLINK-11490 [DTC],2025-07-13T03:09:31Z,175533.7276
STARLINK-11490 [DTC],2025-07-13T03:09:32Z,173279.2981
STARLINK-11490 [DTC],2025-07-13T03:09:33Z,170962.5136
STARLINK-11490 [DTC],2025-07-13T03:09:34Z,168581.9428
STARLINK-11490 [DTC],2025-07-13T03:09:35Z,166136.1697
STARLINK-11490 [DTC],2025-07-13T03:09:36Z,163623.7989
STARLINK-11490 [DTC],2025-07-13T03:09:37Z,161043.4619
STARLINK-11490 [DTC],2025-07-13T03:09:38Z,158393.8241
STARLINK-11490 [DTC],2025-07-13T03:09:39Z,155673.5925
STARLINK-11490 [DTC],2025-07-13T03:09:40Z,152881.5229
STARLINK-11490 [DTC],2025-07-13T03:09:41Z,150016.4288
STARLINK-11490 [DTC],2025-07-13T03:09:42Z,147077.1902
STARLINK-11490 [DTC],2025-07-13T03:09:43Z,144062.7631
STARLINK-11490 [DTC],2025-07-13T03:09:44Z,140972.1892
STARLINK-11490 [DTC],2025-07-13T03:09:45Z,137804.6062
STARLINK-11490 [DTC],2025-07-13T03:09:46Z,134559.2589
STARLINK-11490 [DTC],2025-07-13T03:09:47Z,131235.5096
STARLINK-11490 [DTC],2025-07-13T03:09:48Z,127832.8501
STARLINK-11490 [DTC],2025-07-13T03:09:49Z,124350.9129
STARLINK-11490 [DTC],2025-07-13T03:09:50Z,120789.4828
STARLINK-11490 [DTC],2025-07-13T03:09:51Z,117148.5087
STARLINK-11490 [DTC],2025-07-13T03:09:52Z,113428.1151
STARLINK-11490 [DTC],2025-07-13T03:09:53Z,109628.6136
STARLINK-11490 [DTC],2025-07-13T03:09:54Z,105750.5134
STARLINK-11490 [DTC],2025-07-13T03:09:55Z,101794.5323
STARLINK-11490 [DTC],2025-07-13T03:09:56Z,97761.60638
STARLINK-11490 [DTC],2025-07-13T03:09:57Z,93652.89857
STARLINK-11490 [DTC],2025-07-13T03:09:58Z,89469.80715
STARLINK-11490 [DTC],2025-07-13T03:09:59Z,85213.97222
STARLINK-11445 [DTC],2025-07-13T03:09:30Z,198480.3273
STARLINK-11445 [DTC],2025-07-13T03:09:31Z,196825.6051
STARLINK-11445 [DTC],2025-07-13T03:09:32Z,195121.5076
STARLINK-11445 [DTC],2025-07-13T03:09:33Z,193366.5161
STARLINK-11445 [DTC],2025-07-13T03:09:34Z,191559.0808
STARLINK-11445 [DTC],2025-07-13T03:09:35Z,189697.6229
STARLINK-11445 [DTC],2025-07-13T03:09:36Z,187780.5361
STARLINK-11445 [DTC],2025-07-13T03:09:37Z,185806.1894
STARLINK-11445 [DTC],2025-07-13T03:09:38Z,183772.9293
STARLINK-11445 [DTC],2025-07-13T03:09:39Z,181679.0833
STARLINK-11445 [DTC],2025-07-13T03:09:40Z,179522.9635
STARLINK-11445 [DTC],2025-07-13T03:09:41Z,177302.8703
STARLINK-11445 [DTC],2025-07-13T03:09:42Z,175017.097
STARLINK-11445 [DTC],2025-07-13T03:09:43Z,172663.9355
STARLINK-11445 [DTC],2025-07-13T03:09:44Z,170241.6811
STARLINK-11445 [DTC],2025-07-13T03:09:45Z,167748.6397
STARLINK-11445 [DTC],2025-07-13T03:09:46Z,165183.134
STARLINK-11445 [DTC],2025-07-13T03:09:47Z,162543.5118
STARLINK-11445 [DTC],2025-07-13T03:09:48Z,159828.1538
STARLINK-11445 [DTC],2025-07-13T03:09:49Z,157035.4831
STARLINK-11445 [DTC],2025-07-13T03:09:50Z,154163.9747
STARLINK-11445 [DTC],2025-07-13T03:09:51Z,151212.1659
STARLINK-11445 [DTC],2025-07-13T03:09:52Z,148178.6681
STARLINK-11445 [DTC],2025-07-13T03:09:53Z,145062.178
STARLINK-11445 [DTC],2025-07-13T03:09:54Z,141861.4909
STARLINK-11445 [DTC],2025-07-13T03:09:55Z,138575.5136
STARLINK-11445 [DTC],2025-07-13T03:09:56Z,135203.2782
STARLINK-11445 [DTC],2025-07-13T03:09:57Z,131743.9571
STARLINK-11445 [DTC],2025-07-13T03:09:58Z,128196.8772
STARLINK-11445 [DTC],2025-07-13T03:09:59Z,124561.5353
STARLINK-33679,2025-07-13T03:09:00Z,-9590.693399
STARLINK-33679,2025-07-13T03:09:01Z,-13325.34658
STARLINK-33679,2025-07-13T03:09:02Z,-17052.00081
STARLINK-33679,2025-07-13T03:09:03Z,-20768.45346
STARLINK-33679,2025-07-13T03:09:04Z,-24472.53218
STARLINK-33679,2025-07-13T03:09:05Z,-28162.10107
STARLINK-33679,2025-07-13T03:09:06Z,-31835.06661
STARLINK-33679,2025-07-13T03:09:07Z,-35489.38334
STARLINK-33679,2025-07-13T03:09:08Z,-39123.0592
STARLINK-33679,2025-07-13T03:09:09Z,-42734.16053
STARLINK-33679,2025-07-13T03:09:10Z,-46320.81666
STARLINK-33679,2025-07-13T03:09:11Z,-49881.22417
STARLINK-33679,2025-07-13T03:09:12Z,-53413.65066
STARLINK-33679,2025-07-13T03:09:13Z,-56916.43816
STARLINK-33679,2025-07-13T03:09:14Z,-60388.00605
STARLINK-33679,2025-07-13T03:09:15Z,-63826.85356
STARLINK-33679,2025-07-13T03:09:16Z,-67231.56185
STARLINK-33679,2025-07-13T03:09:17Z,-70600.79562
STARLINK-33679,2025-07-13T03:09:18Z,-73933.3043
STARLINK-33679,2025-07-13T03:09:19Z,-77227.92283
STARLINK-33679,2025-07-13T03:09:20Z,-80483.57204
STARLINK-33679,2025-07-13T03:09:21Z,-83699.2586
STARLINK-33679,2025-07-13T03:09:22Z,-86874.07467
STARLINK-33679,2025-07-13T03:09:23Z,-90007.19714
STARLINK-33679,2025-07-13T03:09:24Z,-93097.88657
STARLINK-33679,2025-07-13T03:09:25Z,-96145.48584
STARLINK-33679,2025-07-13T03:09:26Z,-99149.41853
STARLINK-33679,2025-07-13T03:09:27Z,-102109.187
STARLINK-33679,2025-07-13T03:09:28Z,-105024.3702
STARLINK-33679,2025-07-13T03:09:29Z,-107894.6217
STARLINK-33679,2025-07-13T03:09:30Z,-110719.6668
STARLINK-33679,2025-07-13T03:09:31Z,-113499.2999
STARLINK-33679,2025-07-13T03:09:32Z,-116233.3824
STARLINK-33679,2025-07-13T03:09:33Z,-118921.8389
STARLINK-33679,2025-07-13T03:09:34Z,-121564.655
STARLINK-33679,2025-07-13T03:09:35Z,-124161.8741
STARLINK-33679,2025-07-13T03:09:36Z,-126713.5943
STARLINK-33679,2025-07-13T03:09:37Z,-129219.9655
STARLINK-33679,2025-07-13T03:09:38Z,-131681.1863
STARLINK-33679,2025-07-13T03:09:39Z,-134097.501
STARLINK-33679,2025-07-13T03:09:40Z,-136469.1966
STARLINK-33679,2025-07-13T03:09:41Z,-138796.6
STARLINK-33679,2025-07-13T03:09:42Z,-141080.075
STARLINK-33679,2025-07-13T03:09:43Z,-143320.0196
STARLINK-33679,2025-07-13T03:09:44Z,-145516.863
STARLINK-33679,2025-07-13T03:09:45Z,-147671.0632
STARLINK-33679,2025-07-13T03:09:46Z,-149783.1045
STARLINK-33679,2025-07-13T03:09:47Z,-151853.4947
STARLINK-33679,2025-07-13T03:09:48Z,-153882.7629
STARLINK-33679,2025-07-13T03:09:49Z,-155871.4574
STARLINK-33679,2025-07-13T03:09:50Z,-157820.1433
STARLINK-33679,2025-07-13T03:09:51Z,-159729.4004
STARLINK-33679,2025-07-13T03:09:52Z,-161599.8212
STARLINK-33679,2025-07-13T03:09:53Z,-163432.0095
STARLINK-33679,2025-07-13T03:09:54Z,-165226.5779
STARLINK-33679,2025-07-13T03:09:55Z,-166984.1467
STARLINK-33679,2025-07-13T03:09:56Z,-168705.3421
STARLINK-33679,2025-07-13T03:09:57Z,-170390.7949
STARLINK-33679,2025-07-13T03:09:58Z,-172041.1388
STARLINK-33679,2025-07-13T03:09:59Z,-173657.0095
STARLINK-33679,2025-07-13T03:10:00Z,-175239.0434
STARLINK-11606 [DTC],2025-07-13T03:09:00Z,-134216.6302
STARLINK-11606 [DTC],2025-07-13T03:09:01Z,-137648.5903
STARLINK-11606 [DTC],2025-07-13T03:09:02Z,-140992.0861
STARLINK-11606 [DTC],2025-07-13T03:09:03Z,-144248.0853
STARLINK-11606 [DTC],2025-07-13T03:09:04Z,-147417.6908
STARLINK-11606 [DTC],2025-07-13T03:09:05Z,-150502.1254
STARLINK-11606 [DTC],2025-07-13T03:09:06Z,-153502.7179
STARLINK-11606 [DTC],2025-07-13T03:09:07Z,-156420.8894
STARLINK-11606 [DTC],2025-07-13T03:09:08Z,-159258.1404
STARLINK-11606 [DTC],2025-07-13T03:09:09Z,-162016.0392
STARLINK-11606 [DTC],2025-07-13T03:09:10Z,-164696.2099
STARLINK-11606 [DTC],2025-07-13T03:09:11Z,-167300.3227
STARLINK-11606 [DTC],2025-07-13T03:09:12Z,-169830.0835
STARLINK-11606 [DTC],2025-07-13T03:09:13Z,-172287.2254
STARLINK-11606 [DTC],2025-07-13T03:09:14Z,-174673.5006
STARLINK-11606 [DTC],2025-07-13T03:09:15Z,-176990.6723
STARLINK-11606 [DTC],2025-07-13T03:09:16Z,-179240.5087
STARLINK-11606 [DTC],2025-07-13T03:09:17Z,-181424.7764
STARLINK-11606 [DTC],2025-07-13T03:09:18Z,-183545.2353
STARLINK-11606 [DTC],2025-07-13T03:09:19Z,-185603.6331
STARLINK-11606 [DTC],2025-07-13T03:09:20Z,-187601.7018
STARLINK-11606 [DTC],2025-07-13T03:09:21Z,-189541.1534
STARLINK-11606 [DTC],2025-07-13T03:09:22Z,-191423.6765
STARLINK-11606 [DTC],2025-07-13T03:09:23Z,-193250.9339
STARLINK-11606 [DTC],2025-07-13T03:09:24Z,-195024.5596
STARLINK-11606 [DTC],2025-07-13T03:09:25Z,-196746.1572
STARLINK-11606 [DTC],2025-07-13T03:09:26Z,-198417.2979
STARLINK-11606 [DTC],2025-07-13T03:09:27Z,-200039.5191
STARLINK-34362,2025-07-13T03:09:00Z,185806.1448
STARLINK-34362,2025-07-13T03:09:01Z,184192.4898
STARLINK-34362,2025-07-13T03:09:02Z,182542.0255
STARLINK-34362,2025-07-13T03:09:03Z,180853.9779
STARLINK-34362,2025-07-13T03:09:04Z,179127.5702
STARLINK-34362,2025-07-13T03:09:05Z,177362.0232
STARLINK-34362,2025-07-13T03:09:06Z,175556.5572
STARLINK-34362,2025-07-13T03:09:07Z,173710.3936
STARLINK-34362,2025-07-13T03:09:08Z,171822.7562
STARLINK-34362,2025-07-13T03:09:09Z,169892.873
STARLINK-34362,2025-07-13T03:09:10Z,167919.9785
STARLINK-34362,2025-07-13T03:09:11Z,165903.3154
STARLINK-34362,2025-07-13T03:09:12Z,163842.1366
STARLINK-34362,2025-07-13T03:09:13Z,161735.7083
STARLINK-34362,2025-07-13T03:09:14Z,159583.3115
STARLINK-34362,2025-07-13T03:09:15Z,157384.2455
STARLINK-34362,2025-07-13T03:09:16Z,155137.8301
STARLINK-34362,2025-07-13T03:09:17Z,152843.4088
STARLINK-34362,2025-07-13T03:09:18Z,150500.3518
STARLINK-34362,2025-07-13T03:09:19Z,148108.0593
STARLINK-34362,2025-07-13T03:09:20Z,145665.9649
STARLINK-34362,2025-07-13T03:09:21Z,143173.5387
STARLINK-34362,2025-07-13T03:09:22Z,140630.2918
STARLINK-34362,2025-07-13T03:09:23Z,138035.779
STARLINK-34362,2025-07-13T03:09:24Z,135389.6037
STARLINK-34362,2025-07-13T03:09:25Z,132691.4208
STARLINK-34362,2025-07-13T03:09:26Z,129940.9419
STARLINK-34362,2025-07-13T03:09:27Z,127137.9382
STARLINK-34362,2025-07-13T03:09:28Z,124282.2456
STARLINK-34362,2025-07-13T03:09:29Z,121373.7684
STARLINK-34362,2025-07-13T03:09:30Z,118412.4835
STARLINK-34362,2025-07-13T03:09:31Z,115398.4446
STARLINK-34362,2025-07-13T03:09:32Z,112331.7861
STARLINK-34362,2025-07-13T03:09:33Z,109212.7272
STARLINK-34362,2025-07-13T03:09:34Z,106041.5759
STARLINK-34362,2025-07-13T03:09:35Z,102818.7321
STARLINK-34362,2025-07-13T03:09:36Z,99544.69164
STARLINK-34362,2025-07-13T03:09:37Z,96220.04936
STARLINK-34362,2025-07-13T03:09:38Z,92845.50185
STARLINK-34362,2025-07-13T03:09:39Z,89421.85023
STARLINK-34362,2025-07-13T03:09:40Z,85950.00241
STARLINK-34362,2025-07-13T03:09:41Z,82430.97492
STARLINK-34362,2025-07-13T03:09:42Z,78865.89433
STARLINK-34362,2025-07-13T03:09:43Z,75255.99819
STARLINK-34362,2025-07-13T03:09:44Z,71602.63548
STARLINK-34362,2025-07-13T03:09:45Z,67907.26649
STARLINK-34362,2025-07-13T03:09:46Z,64171.46216
STARLINK-34362,2025-07-13T03:09:47Z,60396.90275
STARLINK-34362,2025-07-13T03:09:48Z,56585.37599
STARLINK-34362,2025-07-13T03:09:49Z,52738.77455
STARLINK-34362,2025-07-13T03:09:50Z,48859.09286
STARLINK-34362,2025-07-13T03:09:51Z,44948.42332
STARLINK-34362,2025-07-13T03:09:52Z,41008.95183
STARLINK-34362,2025-07-13T03:09:53Z,37042.95276
STARLINK-34362,2025-07-13T03:09:54Z,33052.78323
STARLINK-34362,2025-07-13T03:09:55Z,29040.87687
STARLINK-34362,2025-07-13T03:09:56Z,25009.73701
STARLINK-34362,2025-07-13T03:09:57Z,20961.92936
STARLINK-34362,2025-07-13T03:09:58Z,16900.07422
STARLINK-34362,2025-07-13T03:09:59Z,12826.83825
STARLINK-34362,2025-07-13T03:10:00Z,8744.925996